1,183,184,18,75,185,12,123,36,15,17,193,123,36,188,189,193,123,36,190,191,16,193,194,123,36,190,192,123,36,26,79,27,26,79,27,18,19,16,20,21,22,23,24,9,16,9,25,7,193,194,195,26,27,7,193,194,195,28,16,7,193,194,195,29,7,193,194,195,30,31,30,7,193,194,195,32,31,32,9,7,193,194,195,31,32,9,196,79,26,196,79,27,33,7,193,194,195,16,34,35
1,81,82,83,35,84,36,120,121,122,121,123,124,125,124,126,127,126,128,129,75,130,131,75,132,133,134,121,127,126,121,96,97,75,700,44,97,658,556,658,99,100,97,101,100,97,75,97
1,11,12,16,14,15,26,16,65,27,17,18,16,19,20,21,22,23,24,9,16,9,25,26,27,26,14,27,26,28,29,30,31,30,32,31,32,9,27,33,26,27,34,26,27,16,19,35,66,67,68,69,70,71,72,71,70,73,69,74,65,75,44,76,77,78,79,80,79,80
1,1,2,3,4,5,6,7,8,9,7,10
1,81,82,83,35,84,36,85,86,23,86,35,87,88,87,89,90,89,91,92,75,93,94,75,33,78,95,86,90,89,86,96,97,75,43,44,97,98,48,98,99,100,97,101,100,97,75,97,101,75,100,35,36,102,103,90,86,104,86,87,89,90,86,105,86,87,89,90,86,87,89,87,92,7,86,106,86,90,89,91,87,89,78,95,100,97,107,108,51,86,90,86,90,89,91,87,89,78,95,100,97
1,53,7,54,7,54,55,7,54,7,56,57,58,54,7,54,7,56,57,58,59,7,54,60,7,54,7,56,57,58,60,7,56,60,53,57,61,7,54,61,60,62,7,54,62,7,56,63,26,27,7,56,53,57,61,7,54,61,60,62,7,54,62,7,56,53,57,61,60,64,7,54,64
1,1,2,3,4,5,6,7,8,9,7,10
1,82,11,35,36,117,118,119,90,35,117,118,119,36,81,83,120,121,122,121,123,124,125,124,126,127,126,128,129,7,75,130,131,75,132,133,134,121,127,126,121,96,97,101,100,97,75,100,35,36,102,118,121,135,121,124,126,127,121,136,121,124,126,127,121,124,126,124,129,7,121,137,121,127,126,128,124,126,133,134,100,97,75,110,118,107,108,51,121,127,126,128,124,126,133,134,100,97,107,108,51
1,183,184,18,75,185,19,293,16,13,293,34,12,35,36,15,17,193,35,36,188,193,35,36,190,35,36,193,35,36,188,189,193,35,36,190,191,16,193,194,35,36,190,192,35,36,79,26,79,27,18,19,16,20,21,22,23,24,9,16,9,25,7,193,194,195,26,27,7,193,194,195,28,16,7,193,194,195,29,7,193,194,195,30,31,30,7,193,194,195,32,31,32,9,7,193,194,195,31,32,9
1,139,140,141,142,143,144,143,19,35,14,41,31,156,31,68,156,317,196,318,158,156,317,327,178
1,401,123,402,36,69,36,84,311
1,1,2,3,4,5,6,7,8,9,7,10
1,29,627,293,16,83,29,627,23,479,33,479,13,132,35,282,820,84,81,84,633,42,489,821,95,100,97,100,97,51,35,161,302,306,307,562
1,53,7,54,7,54,55,7,54,7,56,57,58,54,7,54,7,56,57,58,59,7,54,60,7,54,7,56,57,58,60,7,56,60,53,57,61,7,54,61,60,62,7,54,62,7,56,63,26,27,7,56,53,57,61,7,54,61,60,62,7,54,62,7,56,53,57,61,60,64,7,54,64
1,53,7,54,7,54,55,7,54,7,56,57,58,54,7,54,7,56,57,58,59,7,54,60,7,54,7,56,57,58,60,7,56,60,53,57,61,7,54,61,60,62,7,54,62,7,56,63,26,27,7,56,53,57,61,7,54,61,60,62,7,54,62,7,56,53,57,61,60,64,7,54,64
1,490,491,492,7,493,494,495,297,356,367,495,494,495,297,356,367,149,6,496,7,497,344,18,498,499,500,2,19,501,425,502,86,503,356,283,472,504,87,95,503,505,356,506,8,115,77,507,508,419,36,84,36,293,33,95,96,16,97,51,16,34,16
1,183,184,18,75,185,186,187,12,123,36,15,17,188,189,190,191,16,190,192,123,26,79,27,26,79,27,18,186,16,20,21,22,23,24,9,16,9,25,7,193,194,195,26,27,7,193,194,195,28,16,7,193,194,195,29,7,193,194,195,31,30,7,193,194,195,31,32,9,196,79,26,196,79,27,33,7,193,194,195,16,34,188,37,16,188,38,26,190,39,188,27,7,193,194,195,303,84,36,7,304
1,490,491,492,7,493,494,495,297,356,367,495,494,495,297,356,367,149,6,496,7,497,344,18,498,499,500,2,19,501,425,502,86,503,356,283,472,504,87,95,503,505,356,506,8,115,77,507,508,419,36,84,36,293,33,95,96,16,97,51,16,34,16
1,23,19,35,284,288,45,99,101,33,88,93,90,95,100,97,107,97,97
1,183,184,18,75,185,186,187,12,123,36,15,17,188,189,190,191,16,190,192,123,26,79,27,26,79,27,18,186,16,20,21,22,122,24,16,25,132,16,34,188,37,16,188,16,7,193,194,195,26,27,7,193,194,195,28,16,7,193,194,195,29,7,193,194,195,31,30,7,193,194,195,31,32,9,196,79,26,196,79,27,38,26,190,39,188,27,195,7,953,7,205
1,82,11,35,36,117,118,119,90,35,117,118,119,36,81,83,120,121,122,121,123,124,125,124,126,127,126,128,129,7,75,130,131,75,132,133,134,121,127,126,121,96,97,101,100,97,75,100,35,36,102,118,127,121,135,121,124,126,127,121,136,121,124,126,127,121,124,126,124,129,7,121,137,121,127,126,128,124,126,133,134,100,97,75,110,118,107,108,51,121,127,126,128,124,126,133,134,100,97,107,108
1,139,140,141,142,143,144,143,886,887,437,166,888,166,14,156,166,889,168,166,14,166,14,168,890,891,168,26,166,27,892,619,26,893,394,816,894,166,895,166,893,394,816,894,166,895,896,27,895,897,446,445,898,899,900,166,901,892,619,26,893,394,816,894,166,895,166,893,394,816,894,166,895,896,27,895,902,902
1,13,35,12,35,36,189,35,36,191,16,192,18,16,19,20,21,22,23,24,9,16,9,25,26,28,16,29,30,31,30,32,31,32,9,27,33,16,34,35,36,37,16,38,26,39,27,183,184,18,75,185,79,14,26,39,27,79,26,39,27,13,14,26,39,27,16,26,27,26,27,16,26,16,34,27,26,16,34,7,194,195,27,79,7,194,195,16,196,79,7,194,195,196,26,16,34,7,194,195,34
1,23,456,195,159,7,184,293,35,36,35,36,175,176,200,128,35,132,457,451,458,459,416,16,453,34,460,52
1,188,74,188,74,188,74,188,74,188,74,188,74,188,74,188,74,188,74,188,74,188,74,188,74,188,74,188,74,188,74,188,74,188,74,188,74,188,74,188,74,188,74,188,74,188,74,188,74,188,74,188,74,188,74,188,74,188,74,188,74,188,74,188,74,188,74,188,74,188,74,188,74,188,84,188,74,84,49,74,36,299,188,36,65
1,53,7,54,7,54,55,7,54,7,56,57,58,54,7,54,7,56,57,58,59,7,54,60,7,54,7,56,57,58,60,7,56,60,53,57,61,7,54,61,60,62,7,54,62,7,56,63,26,27,7,56,53,57,61,7,54,61,60,62,7,54,62,7,56,53,57,61,60,64,7,54,64
1,183,184,18,75,185,186,544,35,139,140,141,142,38,143,160,123,36,630,631,162,164,163,293,16,470,65,470,115,65,145,470,65,145,470,115,65,186,122,201,293,16,473,123,36,630,123,36,632,451,293,34,51,328,293,34,52
1,13,35,12,35,36,189,35,36,191,16,192,18,16,19,20,21,22,23,24,9,16,9,25,26,28,16,29,30,31,30,32,31,32,9,27,33,16,34,35,36,37,16,38,26,39,27,183,184,18,75,185,79,14,26,39,27,79,26,39,27,16,14,16,26,27,26,27,26,39,27,16,26,27,26,27,16,26,16,34,27,26,16,34,7,194,195,27,79,7,194,195,16,196,26,16,34,7,194,195,34
1,139,140,141,142,143,144,143,19,35,14,41,31,156,31,68,156,317,196,318,158,156,317,327,178
1,35,36,630,182,80,91,182,91,88,103,33,182,93,95,107,51,182,91,94,313,95,7,0
1,35,280,145,281,282,283,145,284,145,180,145,247,44,285,99,145,286,145,287,145,289
1,23,456,195,159,7,184,293,35,36,35,36,175,176,200,128,35,132,457,451,458,459,416,16,453,34,460,52
1,11,12,16,14,15,26,16,65,27,17,18,16,19,20,21,22,23,24,9,16,9,25,26,27,26,14,27,26,28,29,30,31,30,32,31,32,9,27,33,26,27,34,26,27,16,19,35,66,67,68,69,70,71,72,71,70,73,69,74,65,75,44,76,77,78,79,80,79,80
1,1,2,3,4,5,6,7,8,9,7,10
1,498,350,598,805,146,603,245,806,807,36,419,620,701,7,808,44,809,808
1,123,903,876,703,135,903,876,703,876,904,903,18,196,905,906
1,1,2,3,4,5,6,7,8,9,7,10
1,183,184,18,75,185,186,187,12,123,36,15,17,188,189,190,191,16,190,192,123,26,79,27,26,79,27,18,186,16,20,21,22,23,24,9,16,9,25,7,193,194,195,26,27,7,193,194,195,28,16,7,193,194,195,29,7,193,194,195,31,30,7,193,194,195,31,32,9,196,79,26,196,79,27,33,7,193,194,195,16,34,188,37,16,188,38,26,190,39,188,27,7,193,194,195,84,36,7,52
1,84,132,509,510,511,134,96,512,171
1,81,82,83,35,84,36,85,86,23,86,35,87,88,87,89,90,89,91,92,75,93,94,75,33,78,95,86,90,89,86,96,97,75,43,44,97,98,48,98,99,100,97,101,100,97,75,97,101,75,100,35,36,102,103,90,86,104,86,87,89,90,86,105,86,87,89,90,86,87,89,87,92,7,86,106,86,90,89,91,87,89,78,95,100,97,107,108,51,86,90,86,90,89,91,87,89,78,95,100,97
1,13,35,12,35,36,189,35,36,191,16,192,18,16,19,20,21,22,23,24,9,16,9,25,26,28,16,29,30,31,30,32,31,32,9,27,33,16,34,35,36,37,16,38,26,39,27,183,184,18,75,185,79,14,26,39,27,79,26,39,27,13,14,26,39,27,16,26,27,26,27,16,26,16,34,27,26,16,34,7,194,195,27,79,7,194,195,16,196,79,7,194,195,196,26,16,34,7,194,195,34
1,1,2,3,4,5,6,7,8,9,7,10
1,82,11,35,36,80,103,84,35,80,103,84,36,81,83,85,86,23,86,35,87,88,87,89,90,89,91,92,7,75,93,94,75,33,78,95,86,90,89,86,96,97,75,43,44,97,98,48,98,97,98,48,98
1,183,184,18,75,185,19,12,123,36,15,17,193,123,36,188,189,193,123,36,190,191,16,193,194,123,36,190,192,123,36,26,79,27,26,79,27,18,19,16,20,21,22,23,24,9,16,9,25,7,193,194,195,26,27,7,193,194,195,28,16,7,193,194,195,29,7,193,194,195,30,31,30,7,193,194,195,32,31,32,9,7,193,194,195,31,32,9,196,79,26,196,79,27,33,7,193,194,195,16,34
1,183,184,18,75,185,19,12,123,36,15,17,193,123,36,188,189,193,123,36,190,191,16,193,194,123,36,190,192,123,36,26,79,27,26,79,27,18,19,16,20,21,22,23,24,9,16,9,25,7,193,194,195,26,27,7,193,194,195,28,16,7,193,194,195,29,7,193,194,195,30,31,30,7,193,194,195,32,31,32,9,7,193,194,195,31,32,9,196,79,26,196,79,27,33,7,193,194,195,16,34
1,13,35,12,35,36,189,35,36,191,16,192,18,16,19,20,21,22,23,24,9,16,9,25,26,28,16,29,30,31,30,32,31,32,9,27,33,16,34,35,36,37,16,38,26,39,27,183,184,18,75,185,79,14,26,39,27,79,26,39,27,16,14,16,26,27,26,27,26,39,27,16,26,27,26,27,16,26,16,34,27,26,16,34,7,194,195,27,79,7,194,195,16,196,26,16,34,7,194,195,34
1,35,23,14,311,65,352,498,352,337,498,337,13,81,35,36,82,84,82,231,543,349,115,349,115,349,23,33,95,161,163,162,164,160,96,100,97,100,96,65,97,328,100,35,36,102,435,300,627,89,78,344,89,627,89,78,7,195,92,627,89,100,95,65,97,100,96,65,97,97
1,13,35,12,35,36,189,35,36,191,16,192,18,16,19,20,21,22,23,24,9,16,9,25,26,28,16,29,30,31,30,32,31,32,9,27,33,16,34,35,36,37,16,38,26,39,27,183,184,18,75,185,79,14,26,39,27,79,26,39,27,13,14,26,39,27,16,26,27,26,27,16,26,16,34,27,26,16,34,7,194,195,27,79,7,194,195,16,196,79,7,194,195,196,26,16,34,7,194,195,34
1,84,132,509,510,511,134,96,512,171
1,13,35,12,35,36,189,35,36,191,16,192,18,16,19,20,21,22,23,24,9,16,9,25,26,28,16,29,30,31,30,32,31,32,9,27,33,16,34,35,36,37,16,38,26,39,27,183,184,18,75,185,79,14,26,39,27,79,26,39,27,13,14,26,39,27,16,26,27,26,27,16,26,16,34,27,26,16,34,7,194,195,27,79,7,194,195,16,196,79,7,194,195,196,26,16,34,7,194,195,34
1,183,18,184,185,186,293,188,123,36,189,191,16,192,26,79,27,26,79,27,18,16,26,189,27,26,16,186,20,21,27,122,24,16,25,132,16,34,188,16,37,7,194,195,26,27,7,194,195,28,16,7,194,195,29,7,194,195,31,30,7,194,195,31,645,9,196,79,26,196,79,27,37,38,26,190,39,188,27,79,646,26,190,39,188,27,79,26,190,39,188,27,189,26,190,39,188,27,16,26,190
1,82,11,35,36,117,118,119,90,35,117,118,119,36,81,83,120,121,122,121,123,124,125,124,126,127,126,128,129,7,75,130,131,75,132,133,134,121,127,126,121,96,97,101,100,97,75,100,35,36,102,118,127,121,135,121,124,126,127,121,136,121,124,126,127,121,124,126,124,129,7,121,137,121,127,126,128,124,126,133,134,100,97,75,110,118,107,108,51,121,127,126,128,124,126,133,134,100,97,75,110
1,53,7,54,7,54,55,7,54,7,56,57,58,54,7,54,7,56,57,58,59,7,54,60,7,54,7,56,57,58,60,7,56,60,53,57,61,7,54,61,60,62,7,54,62,7,56,63,26,27,7,56,53,57,61,7,54,61,60,62,7,54,62,7,56,53,57,61,60,64,7,54,64
1,84,36,115,183,184,18,75,185,186,12,123,36,15,17,189,191,16,192,123,26,79,27,26,79,27,18,186,16,20,21,22,122,24,16
1,84,132,509,510,511,134,96,512,171
1,183,184,18,75,185,186,187,12,123,36,15,17,188,189,190,191,16,190,192,123,26,79,27,26,79,27,18,186,16,20,21,22,23,24,9,16,9,25,7,193,194,195,26,27,7,193,194,195,28,16,7,193,194,195,29,7,193,194,195,31,30,7,193,194,195,31,32,9,196,79,26,196,79,27,33,7,193,194,195,16,34,188,37,16,188,38,26,190,39,188,27,7,193,194,195,84,36,7,52
1,11,12,16,14,15,26,16,65,27,17,18,16,19,20,21,22,23,24,9,16,9,25,26,27,26,14,27,26,28,29,30,31,30,32,31,32,9,27,33,26,27,34,19,35,161,162,163,164,33,88,93,95,107,51,88,103,94,69,313,69,161,162,163,164,33,88,93,95,107,51,88,103,94,313,69,26,27,80,91,103,95,51,88,103,161,162,163,164,88,93,95,107,51,88,103,313,103,314,49,51
1,183,184,18,75,185,186,187,12,123,36,15,17,188,189,190,191,16,190,192,123,26,79,27,26,79,27,18,186,16,20,21,22,122,24,16,25,132,16,34,188,16,37,7,193,194,195,26,27,7,193,194,195,28,16,7,193,194,195,29,7,193,194,195,31,30,7,193,194,195,31,32,9,196,79,26,196,79,27,37,26,190,39,188,27,38,26,190,39,188,27,79,14,26,190,39,188,27,79,26,190
1,183,184,18,75,185,186,293,16,13,293,34,12,35,36,15,17,193,35,36,188,193,35,36,190,35,36,193,35,36,188,189,193,35,36,190,191,16,193,194,35,36,190,192,35,36,79,26,79,27,18,19,16,20,21,22,122,24,16,25,132,16,34,193,194,188,7,193,194,195,26,27,7,193,194,195,28,16,7,193,194,195,29,7,193,194,195,30,31,30,7,193,194,195,32,31,32,9,7,193,194
1,701,470,118,103,702,351,36,703
1,84,132,509,510,511,134,96,512,171
1,35,347,23,19,11,18,33,342,86,350,337,90,86,351,352,14,311,65,352,13,35,36,350,337,28,29,350,337,350,337,350,353,350,337,35,36,14,354,196,79,14,35,302,306,307,230,14,356,282,110,302,208,357,307,14,26,27,14,309,18,358,26,27,352,26,27,309,352,26,27,11,184,358,18,358,309,14,82,35,36,84,36,82,36,252,359,280,360,302,306,307,36,361,26,27,359,362,363,26,27
1,140,141,142,143,475,143,186,476,477
1,35,23,35,36,687,36,688,36,689,81,14,311,65,352,498,352,337,498,337,13,35,36,82,84,82,231,543,349,115,349,115,349,23,33,95,161,163,162,164,160,96,100,97,100,96,65,97,65,328,65,65
1,183,184,18,75,185,186,187,12,123,36,15,17,188,189,190,191,16,190,192,123,26,79,27,26,79,27,18,186,16,20,21,22,23,24,9,16,9,25,7,193,194,195,26,27,7,193,194,195,28,16,7,193,194,195,29,7,193,194,195,31,30,7,193,194,195,31,32,9,196,79,26,196,79,27,33,7,193,194,195,16,34,188,37,16,188,38,26,190,39,188,27,7,193,194,195,84,36,7,52
1,1020,12,16,101,14,26,971,563,967,968,969,249,98,969,977,104,969,978,972,969,1022,665,969,979,109,27,346,973,217,971,543,971,35,282,280,356,282,283,101,967,974,968,284,969,90,1021,435,969,104,969,665,969,104,975,979,973,109,104,967,104,968,371,969,979,14,26,275,84,967,968,104,378,969,29,975,969,104,969,104,969,249,7,979,27,346,976,563,7,967,968,969,435,978,969,978,979,217,101,275,967
1,183,184,18,75,185,19,12,123,36,15,17,193,123,36,188,189,193,123,36,190,191,16,193,194,123,36,190,192,123,36,26,79,27,26,79,27,18,19,16,20,21,22,23,24,9,16,9,25,7,193,194,195,26,27,7,193,194,195,28,16,7,193,194,195,29,7,193,194,195,30,31,30,7,193,194,195,32,31,32,9,7,193,194,195,31,32,9,196,79,26,196,79,27,33,7,193,194,195,16,34
1,11,12,13,16,19,20,21,22,23,24,9,16,9,25,28,29,30,31,30,32,31,32,9,33,16,34,38,19,35,205
1,183,184,18,75,185,186,187,12,123,36,15,17,188,189,190,191,16,190,192,123,26,79,27,26,79,27,18,186,16,20,21,22,122,24,16,25,132,16,34,188,16,37,7,193,194,195,26,27,7,193,194,195,28,16,7,193,194,195,29,7,193,194,195,31,30,7,193,194,195,31,32,9,196,79,26,196,79,27,26,190,39,188,27,38,26,190,39,188,27,79,14,26,190,39,188,27,79,26,190,39
1,183,184,18,75,185,19,12,123,36,15,17,193,123,36,188,189,193,123,36,190,191,16,193,194,123,36,190,192,123,36,26,79,27,26,79,27,18,19,16,20,21,22,23,24,9,16,9,25,7,193,194,195,26,27,7,193,194,195,28,16,7,193,194,195,29,7,193,194,195,30,31,30,7,193,194,195,32,31,32,9,7,193,194,195,31,32,9,196,79,26,196,79,27,33,7,193,194,195,16,34
1,94,23,146,198,378,19,146,269,602,11,660,124,275,661,128,662,378,435,663,102,582,664,2,665,101,666,109,655,667,668,269,250,419,250,669,670,94,275,665,94,671,672,582,664,94,673,674,202,94,671,672,582,664,94,275,665,94,671,672,582,664,94,673,674,202,94,671,672,582,664,673,202,675,138,535,146,250,676,618,677,102,678,7,184,679,680,668,250,681,682,275,665,682,378,683,23,180,684,150,582
1,35,280,145,281,282,283,145,284,145,180,145,247,44,285,99,145,286,145,287,145,156,245,145,36,145,145
1,183,184,18,75,185,19,12,123,36,15,17,193,123,36,188,189,193,123,36,190,191,16,193,194,123,36,190,192,123,36,26,79,27,26,79,27,18,19,16,20,21,22,23,24,9,16,9,25,7,193,194,195,26,27,7,193,194,195,28,16,7,193,194,195,29,7,193,194,195,30,31,30,7,193,194,195,32,31,32,9,7,193,194,195,31,32,9,196,79,26,196,79,27,33,7,193,194,195,16,34
1,701,470,118,103,702,351,36,703
1,81,82,83,35,84,36,85,86,23,86,35,87,88,87,89,90,89,91,92,75,93,94,75,33,78,95,86,90,89,86,96,97,75,43,44,97,98,48,98,99,100,97,101,100,97,75,97,101,75,100,35,36,102,103,90,86,104,86,87,89,90,86,105,86,87,89,90,86,87,89,87,92,7,86,106,86,90,89,91,87,89,78,95,100,97,107,108,51,86,90,86,90,89,91,87,89,78,95,100,97
1,183,184,18,75,185,19,293,16,13,293,34,12,35,36,15,17,193,35,36,188,193,35,36,190,35,36,193,35,36,188,189,193,35,36,190,191,16,193,194,35,36,190,192,35,36,79,26,79,27,18,19,16,20,21,22,23,24,9,16,9,25,7,193,194,195,26,27,7,193,194,195,28,16,7,193,194,195,29,7,193,194,195,30,31,30,7,193,194,195,32,31,32,9,7,193,194,195,31,32,9
1,183,184,18,75,185,186,187,12,123,36,15,17,188,189,190,191,16,190,192,123,26,79,27,26,79,27,18,186,16,20,21,22,122,24,16,25,132,16,34,188,16,37,7,193,194,195,26,27,7,193,194,195,28,16,7,193,194,195,29,7,193,194,195,31,30,7,193,194,195,31,32,9,196,79,26,196,79,27,37,26,190,39,188,27,38,26,190,39,188,27,79,14,26,190,39,188,27,79,26,190
1,81,82,83,35,84,36,120,121,122,121,123,124,125,124,126,127,126,128,129,75,130,131,75,132,133,134,121,127,126,121,96,97,100,97,101,100,97,75,100,35,36,102,118,127,121,135,121,124,121,136,127,804,121,126,127,121,480,101,121,127,121,124,126,127,121,124,126,75,130,121,127,804,121,124,126,127,63,113,131,121,127,121,124,126,127,804,124,129,7,127,804,124,129,127,804,121,127,804,51,121
1,139,140,141,142,143,475,143,186,476,477
1,94,23,146,198,378,19,146,269,602,11,660,124,275,661,128,662,378,435,663,102,582,664,2,665,101,666,109,655,667,668,269,250,419,250,669,670,94,275,665,94,671,672,582,664,94,673,674,202,94,671,672,582,664,94,275,665,94,671,672,582,664,94,673,674,202,94,671,672,582,664,673,202,675,138,535,146,250,676,618,677,102,678,7,184,679,680,668,250,681,682,275,665,682,378,683,23,180,684,150,582
1,81,82,83,35,84,36,120,121,122,121,123,124,125,124,126,127,126,128,129,75,130,131,75,132,133,134,121,127,126,121,96,97,75,700,44,97,658,556,658,99,100,97,101,100,97,75,97
1,11,12,13,16,19,20,21,22,23,24,9,16,9,25,28,29,30,31,30,32,31,32,9,33,16,34,35,36,37,16,183,16,38,39,19,35,342,33,434,75,103,92,345,398,345,339,69,33,909,300,182,91,175,433,425,77,314,433,77,70,38,52
1,183,184,18,75,185,186,293,16,13,293,34,12,35,36,15,17,193,35,36,188,193,35,36,190,35,36,193,35,36,188,189,193,35,36,190,191,16,193,194,35,36,190,192,35,36,79,26,79,27,18,19,16,20,21,22,122,24,16,25,132,16,34,193,194,188,7,193,194,195,26,27,7,193,194,195,28,16,7,193,194,195,29,7,193,194,195,30,31,30,7,193,194,195,32,31,32,9,7,193,194
1,53,7,54,7,54,55,7,54,7,56,57,58,54,7,54,7,56,57,58,59,7,54,60,7,54,7,56,57,58,60,7,56,60,53,57,61,7,54,61,60,62,7,54,62,7,56,63,26,27,7,56,53,57,61,7,54,61,60,62,7,54,62,7,56,53,57,61,60,64,7,54,64
1,1,2,3,4,5,6,7,8,9,7,10
1,35,280,281,282,283,284,157,145,180,145,247,44,285,99,286,287,145,156,205
1,183,184,18,75,185,19,12,123,36,15,17,193,123,36,188,189,193,123,36,190,191,16,193,194,123,36,190,192,123,36,26,79,27,26,79,27,18,19,16,20,21,22,23,24,9,16,9,25,7,193,194,195,26,27,7,193,194,195,28,16,7,193,194,195,29,7,193,194,195,30,31,30,7,193,194,195,32,31,32,9,7,193,194,195,31,32,9,196,79,26,196,79,27,33,7,193,194,195,16,34
1,183,184,18,75,185,186,544,35,139,140,141,142,38,143,160,123,36,630,631,162,164,163,293,16,470,65,470,115,65,145,470,65,145,470,115,65,186,122,201,293,16,473,123,36,630,123,36,632,451,293,34,51,328,293,34,52
1,13,35,12,35,36,189,35,36,191,16,192,18,16,19,20,21,22,23,24,9,16,9,25,26,28,16,29,30,31,30,32,31,32,9,27,33,16,34,35,36,37,16,38,26,39,27,183,184,18,75,185,79,14,26,39,27,79,26,39,27,16,14,16,26,27,26,27,26,39,27,16,26,27,26,27,16,26,16,34,27,26,16,34,7,194,195,27,79,7,194,195,16,196,26,16,34,7,194,195,34
1,183,184,18,75,185,186,187,12,123,633,15,17,188,189,190,191,16,190,192,123,26,79,27,26,79,27,18,186,16,20,21,22,122,24,16,25,132,16,34,188,16,188,37,16,7,193,194,195,26,27,7,193,194,195,28,16,7,193,194,195,29,7,193,194,195,31,30,7,193,194,195,31,32,9,196,79,26,196,79,27,38,26,190,39,188,27,16,26,190,39,188,27,82,38,122,16,201,26,190,39
1,139,140,141,142,143,144,143,19,35,156,125,123,132,134,100,97,100,130,1044,134,892,156,97,892,895,470,107,895,158,100,130,1044,134,892,156,97,892,895,470,107,97,470,895,892,895,470,107,97,470,892,895,470,107,97,470,895,892,895,470,107,97,470,895,892,895,470,107,97,470,107,470,895,892,895,470,107,97,470,107,470,895,892,895,470,107,97,470,895,892,895,470,107,97
1,139,140,141,142,143,186,476,477
1,183,184,18,75,185,19,293,16,13,293,34,12,35,36,15,17,193,35,36,188,193,35,36,190,35,36,193,35,36,188,189,193,35,36,190,191,16,193,194,35,36,190,192,35,36,79,26,79,27,18,19,16,20,21,22,23,24,9,16,9,25,7,193,194,195,26,27,7,193,194,195,28,16,7,193,194,195,29,7,193,194,195,30,31,30,7,193,194,195,32,31,32,9,7,193,194,195,31,32,9
1,84,132,509,510,511,134,96,512,171
1,29,627,293,16,123,633,687,83,29,627,122,1051,132,1051,123,297,1052,245,42,821,401,134,9,100,97,100,293,16,97,293,16,31,293,34,51,123,631,9,804,302,306,307,1053
1,183,184,18,75,185,19,35,139,140,141,142,38,143,617,11,123,36,187,145,161,163,161,162,164,470,332,354,72,161,163,161,162,164,470,332,161,81,13,161,163,311,161,163,161,162,164,470,332,618,202,161,163,161,162,164,470,332,619,161,163,311,161,163,161,162,164,470,332,618,202,88,619,89,495,78,92,89,311,89,95,202,51,78,478,106,620,110,621,106,80,89,84,36,622,489,434,478,106,620,110
1,82,11,35,36,117,118,119,90,35,117,118,119,36,81,83,120,121,122,121,123,124,125,124,126,127,126,128,129,7,75,130,131,75,132,133,134,121,127,126,121,96,97,101,100,97,75,100,35,36,102,118,127,121,135,121,124,126,127,121,136,121,126,127,121,480,101,121,127,121,124,126,127,121,124,126,75,130,121,127,121,124,126,127,63,113,131,121,127,121,124,126,124,129,7,124,35,36,629,129,121
1,53,7,54,7,54,55,7,54,7,56,57,58,54,7,54,7,56,57,58,59,7,54,60,7,54,7,56,57,58,60,7,56,60,53,57,61,7,54,61,60,62,7,54,62,7,56,63,26,27,7,56,53,57,61,7,54,61,60,62,7,54,62,7,56,53,57,61,60,64,7,54,64
1,183,184,18,75,185,187,12,123,36,15,17,188,189,190,191,16,190,192,123,26,79,27,26,79,27,18,186,16,20,21,189,22,122,24,16,25,132,16,34,188,16,188,37,7,193,194,195,26,27,7,193,194,195,28,16,7,193,194,195,29,7,193,194,195,31,30,7,193,194,195,31,32,9,196,79,26,196,79,27,38,26,190,39,188,27,79,14,26,190,39,188,27,79,26,190,39,188,27,16,14
1,11,12,13,16,19,20,21,22,23,24,9,16,9,25,28,29,30,31,30,32,31,32,9,33,16,34,35,36,37,16,19,35,43,244,246,98,46,47,48,98,88,33,88,478,106,7,106,478,479,92,95,21,100,16,97,100,97,100,76,97,76,246,98,46,47,48,98,95,21,16,107,34,51,76,246,98,95,21,97,16,97,107,34,51,95,21,97,51,95,21,97,100,95,21,100,97,107,51,97,100
1,183,184,18,75,185,186,544,35,139,140,141,142,38,143,160,123,36,630,631,162,164,163,293,16,470,65,470,115,65,145,470,65,145,470,115,65,186,122,201,293,16,473,123,36,630,123,36,632,451,293,34,51,328,293,34,52
1,139,140,141,142,143,144,143,19,35,732
1,183,18,184,185,186,293,188,123,36,646,191,16,192,26,27,18,16,26,646,27,26,16,186,20,21,27,122,24,16,25,132,16,34,188,16,188,183,16,37,7,194,195,26,27,7,194,195,28,16,7,194,195,29,7,194,195,31,30,7,194,195,31,645,9,26,27,38,26,190,39,188,27,646,26,190,39,188,27,189,26,190,39,188,27,14,26,190,39,188,27,26,79,27,183,123,183,132,16,183,16
1,35,280,281,282,283,284,157,145,180,145,247,44,285,99,286,287,145,156,205
1,490,491,492,7,493,494,495,297,356,367,495,494,495,297,356,367,149,6,496,7,497,344,18,498,499,500,2,19,501,425,502,86,503,356,283,472,504,87,95,503,505,356,506,8,115,77,507,508,419,36,84,36,293,33,95,96,16,97,51,16,34,16
1,11,12,16,14,15,26,16,65,27,17,18,16,19,20,21,22,23,24,9,16,9,25,26,27,26,14,27,26,28,29,30,31,30,32,31,32,9,27,33,26,27,34,26,27,16,19,35,66,67,68,69,70,71,72,71,70,73,69,74,65,75,44,76,77,78,79,80,79,80
1,53,7,54,7,54,55,7,54,7,56,57,58,54,7,54,7,56,57,58,59,7,54,60,7,54,7,56,57,58,60,7,56,60,53,57,61,7,54,61,60,62,7,54,62,7,56,63,26,27,7,56,53,57,61,7,54,61,60,62,7,54,62,7,56,53,57,61,60,64,7,54,64
1,11,12,13,14,15,16,17,18,16,19,20,21,22,23,24,9,16,9,25,16,26,14,27,26,28,29,30,31,30,32,31,32,9,27,33,16,34,35,36,37,16,38,14,26,39,27,15,14,26,101,310,27,193,311,26,27,311,17,11,14,26,14,27,26,311,27,26,28,27,26,39,27,378,193,26,27,193,311,193,828,17,425,18,354,14,26,39,27,309,26,39,27,26,39,197,27,26,39,27,193
1,94,23,146,198,378,19,146,269,602,11,660,124,275,661,128,662,378,435,663,102,582,664,2,665,101,666,109,655,667,668,269,250,419,250,669,670,94,275,665,94,671,672,582,664,94,673,674,202,94,671,672,582,664,94,275,665,94,671,672,582,664,94,673,674,202,94,671,672,582,664,673,202,675,138,535,146,250,676,618,677,102,678,7,184,679,680,668,250,681,682,275,665,682,378,683,23,180,684,150,582
1,11,12,16,14,15,26,16,65,27,17,18,16,19,20,21,22,23,24,9,16,9,25,26,27,26,14,27,26,28,29,30,31,30,32,31,32,9,27,33,26,27,34,26,27,16,19,35,66,67,68,69,70,71,72,71,70,73,69,74,65,75,44,76,77,78,79,80,79,80
1,183,184,18,75,185,186,187,12,123,36,15,17,188,189,190,191,16,190,192,123,26,79,27,26,79,27,18,186,16,20,21,22,122,24,16,25,132,16,34,188,16,188,37,7,193,194,195,26,27,7,193,194,195,28,16,7,193,194,195,29,7,193,194,195,31,30,7,193,194,195,31,32,9,196,79,26,196,79,27,26,190,39,188,27,38,26,190,39,188,27,79,14,26,190,39,188,27,79,26,190
1,183,184,18,75,185,19,12,123,36,15,17,193,123,36,188,189,193,123,36,190,191,16,193,194,123,36,190,192,123,36,26,79,27,26,79,27,18,19,16,20,21,22,23,24,9,16,9,25,7,193,194,195,26,27,7,193,194,195,28,16,7,193,194,195,29,7,193,194,195,30,31,30,7,193,194,195,32,31,32,9,7,193,194,195,31,32,9,196,79,26,196,79,27,33,7,193,194,195,16,34
1,84,132,509,510,511,134,96,512,171
1,183,184,18,75,185,186,544,35,139,140,141,142,38,143,160,123,36,630,631,162,164,163,293,16,470,65,470,115,65,145,470,65,145,470,115,65,186,122,201,293,16,473,123,36,630,123,36,632,451,293,34,51,328,293,34,52
1,490,491,492,7,493,494,495,297,356,367,495,494,495,297,356,367,149,6,496,7,497,344,18,498,499,500,2,19,501,425,502,86,503,356,283,472,504,87,95,503,505,356,506,8,115,77,507,508,419,36,84,36,293,33,95,96,16,97,51,16,34,16
1,53,7,54,7,54,55,7,54,7,56,57,58,54,7,54,7,56,57,58,59,7,54,60,7,54,7,56,57,58,60,7,56,60,53,57,61,7,54,61,60,62,7,54,62,7,56,63,26,27,7,56,53,57,61,7,54,61,60,62,7,54,62,7,56,53,57,61,60,64,7,54,64
1,701,470,118,103,702,351,36,703
1,13,35,12,35,36,189,35,36,191,16,192,18,16,19,20,21,22,23,24,9,16,9,25,26,28,16,29,30,31,30,32,31,32,9,27,33,16,34,35,36,37,16,38,26,39,27,183,184,18,75,185,79,14,26,39,27,79,26,39,27,16,26,27,26,27,16,26,16,34,27,26,16,34,7,194,195,27,79,7,194,195,16,196,79,7,194,195,196,26,16,34,7,194,195,34,27,26,27,16,27
1,183,184,18,75,185,186,187,12,123,36,15,17,188,189,190,191,16,190,192,123,26,79,27,26,79,27,18,186,16,20,21,22,23,24,9,16,9,25,7,193,194,195,26,27,7,193,194,195,28,16,7,193,194,195,29,7,193,194,195,31,30,7,193,194,195,31,32,9,196,79,26,196,79,27,33,7,193,194,195,16,34,188,37,16,188,38,26,190,39,188,27,7,193,194,195,84,36,7,52
1,183,184,18,75,185,19,12,123,36,15,17,193,123,36,188,189,193,123,36,190,191,16,193,194,123,36,190,192,123,36,26,79,27,26,79,27,18,19,16,20,21,22,23,24,9,16,9,25,7,193,194,195,26,27,7,193,194,195,28,16,7,193,194,195,29,7,193,194,195,30,31,30,7,193,194,195,32,31,32,9,7,193,194,195,31,32,9,196,79,26,196,79,27,33,7,193,194,195,16,34
1,84,36,342,343,60,33,95,88,75,93,95,100,97,107,51,84,36,851
1,701,470,118,103,702,351,36,703
1,183,184,18,75,185,186,187,12,123,36,15,17,188,189,190,191,16,190,192,123,26,79,27,26,79,27,18,186,16,20,21,22,23,24,9,16,9,25,7,193,194,195,26,27,7,193,194,195,28,16,7,193,194,195,29,7,193,194,195,31,30,7,193,194,195,31,32,9,196,79,26,196,79,27,33,7,193,194,195,16,34,188,37,16,188,38,26,190,39,188,27,7,193,194,195,84,36,7,52
1,183,184,18,75,185,186,187,12,123,36,15,17,188,189,190,191,16,190,192,123,26,79,27,26,79,27,18,186,16,20,21,22,23,24,9,16,9,25,7,193,194,195,26,27,7,193,194,195,28,16,7,193,194,195,29,7,193,194,195,31,30,7,193,194,195,31,32,9,196,79,26,196,79,27,33,7,193,194,195,16,34,188,37,16,188,38,26,190,39,188,27,7,193,194,195,300,301,295,302,84
1,1023,12,16,104,1024,249,371,978,29,378,1024,14,26,275,1024,975,7,378,975,7,1024,27,346,976,14,26,1024,435,29,149,27,346,14,26,563,1024,104,978,149,975,104,978,435,1024,27,346,217,14,26,563,1024,104,7,975,371,104,978,29,665,1024,27,346,217,14,26,1024,665,435,149,104,1024,27,346,275,14,26,975,1024,104,665,978,104,1024,976,27,346,14,26,84,1024,975,378,104,29,371,665,104,1024,27,346
1,183,184,18,75,185,186,187,12,123,36,15,17,188,189,190,191,16,190,192,123,26,79,27,26,79,27,18,186,16,20,21,22,122,24,16,25,132,16,34,188,16,37,7,193,194,195,26,27,7,193,194,195,28,16,7,193,194,195,29,7,193,194,195,31,30,7,193,194,195,31,32,9,196,79,26,196,79,27,37,26,190,39,188,27,38,26,190,39,188,27,79,14,26,190,39,188,27,79,26,190
1,82,11,35,36,117,118,119,90,35,117,118,119,36,81,83,120,121,122,121,123,124,125,124,126,127,126,128,129,7,75,130,131,75,132,133,134,121,127,126,121,96,97,101,100,97,75,100,35,36,102,118,127,121,135,121,124,126,127,121,136,121,124,126,127,121,124,126,124,129,7,121,137,121,127,126,128,124,126,133,134,100,97,75,110,118,107,108,51,121,127,126,128,124,126,133,134,100,97,75,110
1,183,184,18,75,185,19,293,16,13,293,34,12,35,36,15,17,193,35,36,188,193,35,36,190,35,36,193,35,36,188,189,193,35,36,190,191,16,193,194,35,36,190,192,35,36,79,26,79,27,18,19,16,20,21,22,23,24,9,16,9,25,7,193,194,195,26,27,7,193,194,195,28,16,7,193,194,195,29,7,193,194,195,30,31,30,7,193,194,195,32,31,32,9,7,193,194,195,31,32,9
1,84,36,115,183,184,18,75,185,186,293,16,13,293,34,12,35,36,15,17,193,35,36,188,193,35,36,190,35,36,193,35,36,188,189,193,35,36,190,191,16,193,194,35,36,190,192,35,36,79,26,79,27,18,19,16,20,21,22,122,24,16
1,140,141,142,143,186,123,477
1,139,140,141,142,143,144,143,19,35,142,145,90,182,35,145,90,182,36,38,35
1,84,36,342,343,60,33,95,88,75,93,95,100,97,107,51,84,36,851,960
1,701,470,118,103,702,351,36,703
1,84,132,509,510,511,134,96,512,171
1,11,12,16,14,15,26,16,65,27,17,18,16,19,20,21,22,23,24,9,16,9,25,26,27,26,14,27,26,28,29,30,31,30,32,31,32,9,27,33,26,27,34,19,35,26,27,80,91,103,95,51,161,162,163,164,33,88,93,95,107,51,88,103,94,313,88,103,161,162,163,164,88,93,95,107,51,88,103,313,103,314,49,51,94,103,179,26,52
1,84,36,115,81,1006,1007,351,65,84,36,955,343,1008,84,36,167,65,115,23,328,36,123,245,123,293,174,542,1009,1010,1011,798,233,610,7
1,11,12,13,16,19,20,21,22,23,24,9,16,9,25,28,29,30,31,30,32,31,32,9,33,16,34,16,19,35,342,33,80,398,339,33,909,300,182,91,175,433,425,77,314,433,77,70,52
1,183,18,184,185,37,119,7,189,119,7,15,17,119,7,189,293,119,7,15,7,193,26,16,27,17,26,27,195,26,16,27,189,26,27,186,20,21,27,23,122,7,193,195,26,27,28,26,16,27,29,31,26,16,27,31,30,26,691,34,27,31,26,16,27,31,119,7,32,26,16,27,32,9,26,691,34,27,31,26,16,27,31,32,26,16,27,32,9,26,691,34,27,26,16,27,26,27,33,26,16
1,84,132,509,510,511,134,96,512,171
1,701,470,118,103,702,351,36,703
1,81,82,83,35,84,36,85,86,23,86,35,87,88,87,89,90,89,91,92,75,93,94,75,33,78,95,86,90,89,86,96,97,75,43,44,97,98,48,98,99,100,97,101,100,97,75,97,101,75,100,35,36,102,103,90,86,104,86,87,89,90,86,105,86,87,89,90,86,87,89,87,92,7,86,106,86,90,89,91,87,89,78,95,100,97,107,108,51,86,90,86,90,89,91,87,89,78,95,100,97
1,123,543,349,115,349,115,349,122,132,631,163,162,164,160,123,9,36,102,185,53,133,62
1,183,184,18,75,185,19,143,38,157,907,35,36,166,157,166,470,952,166,470,65,335,895,69
1,183,184,18,75,185,186,187,12,123,36,15,17,188,189,190,191,16,190,192,123,26,79,27,26,79,27,18,186,16,20,21,22,23,24,9,16,9,25,7,193,194,195,26,27,7,193,194,195,28,16,7,193,194,195,29,7,193,194,195,31,30,7,193,194,195,31,32,9,196,79,26,196,79,27,33,7,193,194,195,16,34,188,37,16,188,38,26,190,39,188,27,7,193,194,195,84,36,7,52
1,183,184,18,75,185,187,12,123,36,15,17,188,189,190,191,16,190,192,123,26,79,27,26,79,27,18,186,16,20,21,189,22,122,24,16,25,132,16,34,188,16,188,37,7,193,194,195,26,27,7,193,194,195,28,16,7,193,194,195,29,7,193,194,195,31,30,7,193,194,195,31,32,9,196,79,26,196,79,27,38,26,190,39,188,27,79,14,26,190,39,188,27,79,26,190,39,188,27,16,14
1,139,140,141,142,143,144,143,19,35,732
1,81,82,83,35,84,36,85,86,23,86,35,87,88,87,89,90,89,91,92,75,93,94,75,33,78,95,86,90,89,86,96,97,75,43,44,97,98,48,98,99,100,97,101,100,97,75,97,101,75,100,35,36,102,103,90,86,104,86,87,89,90,86,105,86,87,89,90,86,87,89,87,92,7,86,106,86,90,89,91,87,89,78,95,100,97,107,108,51,86,90,86,90,89,91,87,89,78,95,100,97
1,1,2,3,4,5,6,7,8,9,7,10
1,11,12,16,14,15,26,16,65,27,17,18,16,19,20,21,22,23,24,9,16,9,25,26,27,26,14,27,26,28,29,30,31,30,32,31,32,9,27,33,26,27,34,19,35,26,27,80,91,103,95,51,161,162,163,164,33,88,93,95,107,51,88,103,94,313,88,103,161,162,163,164,88,93,95,107,51,88,103,313,103,314,49,51,94,103,179,26,52
1,415,434,90,182,95,342,65,65
1,701,470,118,103,702,351,36,703
1,84,36,115,11,12,13,16,19,20,21,22,23,24,9,16,9,25,28,29,30,31,30,32,31,32,9,33,16,34,19,35,205
1,123,543,349,115,349,115,349,122,132,631,163,162,164,160,123,9,36,102,185,53,133,62
1,308,75,421,422,423,424,312,425,426,423,427,422,123,421,423,428,425,423,371,421,371,429,312,428,300,371,422,219,424,422,219,308,430,219,422,425,219,123,429,421,423,308,427,431,428,424,123,432,300,426,429,430,426,219,431,428,424
1,1,2,3,4,5,6,7,8,9,7,10
1,490,491,492,7,493,494,495,297,356,367,495,494,495,297,356,367,149,6,496,7,497,344,18,498,499,500,2,19,501,425,502,86,503,356,283,472,504,87,95,503,505,356,506,8,115,77,507,508,419,36,84,36,293,33,95,96,16,97,51,16,34,16
1,1,2,3,4,5,6,7,8,9,7,10
1,13,35,12,35,36,189,35,36,191,16,192,18,16,19,20,21,22,23,24,9,16,9,25,26,28,16,29,30,31,30,32,31,32,9,27,33,16,34,35,36,37,16,38,26,39,27,183,184,18,75,185,79,14,26,39,27,79,26,39,27,13,14,26,39,27,16,26,27,26,27,16,26,16,34,27,26,16,34,7,194,195,27,79,7,194,195,16,196,79,7,194,195,196,26,16,34,7,194,195,34
1,35,280,281,282,283,284,157,145,180,145,247,44,285,99,286,287,145,156,205
1,1,2,3,4,5,6,7,8,9,7,10
1,81,82,83,35,84,36,85,86,23,86,35,87,88,87,89,90,89,91,92,75,93,94,75,33,78,95,86,90,89,86,96,97,75,43,44,97,98,48,98,99,100,97,101,100,97,75,97,101,75,100,35,36,102,103,90,86,104,86,87,89,90,86,105,86,87,89,90,86,87,89,87,92,7,86,106,86,90,89,91,87,89,78,95,100,97,107,108,51,86,90,86,90,89,91,87,89,78,95,100,97
1,75,156,145,245,145,36,145,145
1,53,7,54,7,54,55,7,54,7,56,57,58,54,7,54,7,56,57,58,59,7,54,60,7,54,7,56,57,58,60,7,56,60,53,57,61,7,54,61,60,62,7,54,62,7,56,63,26,27,7,56,53,57,61,7,54,61,60,62,7,54,62,7,56,53,57,61,60,64,7,54,64
1,490,491,492,7,493,494,495,297,356,367,495,494,495,297,356,367,149,6,496,7,497,344,18,498,499,500,2,19,501,425,502,86,503,356,283,472,504,87,95,503,505,356,506,8,115,77,507,508,419,36,84,36,293,33,95,96,16,97,51,16,34,16
1,183,184,18,75,185,186,544,35,139,140,141,142,38,143,160,123,36,630,631,162,164,163,293,16,470,65,470,115,65,145,470,65,145,470,115,65,186,122,201,293,16,473,123,36,630,123,36,632,451,293,34,51,328,293,34,52
1,81,82,83,35,84,36,120,121,122,121,123,124,125,124,126,127,126,128,129,75,130,131,75,132,133,134,121,127,126,121,96,97,101,100,97,75,100,35,36,102,118,121,135,121,124,126,127,121,136,121,124,126,127,121,124,126,124,129,7,121,137,121,127,126,128,124,126,133,134,100,97,75,110,118,107,108,51,121,127,126,128,124,126,133,134,100,97,75,110,118,107,75,97,75,110,118,107,108,51,121
1,139,140,141,142,143,144,143,19,35,290,291,292
1,183,184,18,75,185,186,293,16,13,293,34,12,35,36,15,17,193,35,36,188,193,35,36,190,35,36,193,35,36,188,189,193,35,36,190,191,16,193,194,35,36,190,192,35,36,79,26,79,27,18,19,16,20,21,22,122,24,16,25,132,16,34,193,194,188,7,193,194,195,26,27,7,193,194,195,28,16,7,193,194,195,29,7,193,194,195,30,31,30,7,193,194,195,32,31,32,9,7,193,194
1,31,7,867,378,175,4,868,869,37,655,870,849,146,871,507,269,150,269,872,627,134,507,269,150,269,872,849,665,11,806,245,435,6,35,36,873,670,874,84,2,665,480,601,582,665,175,875,668,876,601,877,131,87,84,36,420,621,245,878,7,879,275,3,35,880,881,356,822,881,269,250,672,250,669,882,150,508,13,398,883,875,601,250,245,884,115,885,842
1,35,33,417,349,35,175,299,418,269,419,260,250,420,250,418,269,419,260,250,420
1,81,82,83,35,84,36,120,121,122,121,123,124,125,124,126,127,126,128,129,75,130,131,75,132,133,134,121,127,126,121,96,97,101,100,97,75,100,35,36,102,118,121,135,121,124,126,127,121,136,121,124,126,127,121,124,126,124,129,7,121,137,121,127,126,128,124,126,133,134,100,97,75,110,118,107,108,51,121,127,126,128,124,124
1,490,491,492,7,493,494,495,297,356,367,495,494,495,297,356,367,149,6,496,7,497,344,18,498,499,500,2,19,501,425,502,86,503,356,283,472,504,87,95,503,505,356,506,8,115,77,507,508,419,36,84,36,293,33,95,96,16,97,51,16,34,16
1,94,23,146,198,378,19,146,269,602,11,660,124,275,661,128,662,378,435,663,102,582,664,2,665,101,666,109,655,667,668,269,250,419,250,669,670,94,275,665,94,671,672,582,664,94,673,674,202,94,671,672,582,664,94,275,665,94,671,672,582,664,94,673,674,202,94,671,672,582,664,673,202,675,138,535,146,250,676,618,677,102,678,7,184,679,680,668,250,681,682,275,665,682,378,683,23,180,684,150,582
1,94,23,146,198,378,19,146,269,602,11,660,124,275,661,128,662,378,435,663,102,582,664,2,665,101,666,109,655,667,668,269,250,419,250,669,670,94,275,665,94,671,672,582,664,94,673,674,202,94,671,672,582,664,94,275,665,94,671,672,582,664,94,673,674,202,94,671,672,582,664,673,202,675,138,535,146,250,676,618,677,102,678,7,184,679,680,668,250,681,682,275,665,682,378,683,23,180,684,150,582
1,11,12,16,65,19,20,21,22,23,24,9,16,9,25,28,29,30,31,30,32,31,32,9,33,34,35,36,37,19,35,70,69,44,65,133,44,495,18,690,471,489,79,471,79,471
1,139,140,141,142,143,144,143,19,35,157,156,145,153,315,316,68,156,317,152,196,318,158,319,317,320,318,321,322,323,317,324,318,325,326,322,320,323
1,183,184,18,75,185,186,544,35,139,140,141,142,38,143,160,123,36,630,631,162,164,163,293,16,470,65,470,115,65,145,470,65,145,470,115,65,186,122,201,293,16,473,123,36,630,123,36,632,451,293,34,51,328,293,34,52
1,11,12,13,14,15,16,17,18,16,19,20,21,22,23,24,9,16,9,25,16,26,14,27,26,28,29,30,31,30,32,31,32,9,27,33,16,34,35,36,37,16,38,26,39,27,40,26,39,27,19,35,41,42,43,44,45,46,47,48,45,46,45,26,49,34,50,51,26,16,26,14,27,26,27,38,52
1,84,36,115,139,140,141,142,143,144,143,19,35,282,280,356,367,958,18,959,45,33,159,69,342,33,80,907,75,908,103,398,339,69,292
1,183,184,18,75,185,186,187,12,123,36,15,17,188,189,190,191,16,190,192,123,26,79,27,26,79,27,18,186,16,20,21,22,122,24,16,25,132,16,34,188,16,188,37,7,193,194,195,26,27,7,193,194,195,28,16,7,193,194,195,29,7,193,194,195,31,30,7,193,194,195,31,32,9,196,79,26,196,79,27,26,190,39,188,27,38,26,190,39,188,27,79,14,26,190,39,188,27,79,26,190
1,11,101,666,109,836,837,838,582,812,839,840,122,672,269,602,491,2,841,805,425,842,344,111,398,842,601,843,35,601,843,842,601,843,35,601,843,842,601,843,35,601,843,149,663,18,496,7,844,845,809,478,282,280,356,506,846,134,115,146,847,435,848,7,849,665,850,280,356,822,36,84,36,293,33,95,96,16,97,51,16,34,16
1,123,132,941,134,96,293,16,97,51,123,36,117,145,123,36,451,145,454,123,36,416,123,36,453,942,453,455,70,51,245,36,559,52
1,139,38,144,140,482,483,23,19,35,145,33,484,485,35,36,175,176,486,195,486,162,164,486,195,145,478,486,195,486,162,164,486,195,486,162,164,487,342,486,162,164,488,486,162,164,7,289
1,1,2,3,4,5,6,7,8,9,7,10
1,183,184,18,75,185,19,12,123,36,15,17,193,123,36,188,189,193,123,36,190,191,16,193,194,123,36,190,192,123,36,26,79,27,26,79,27,18,19,16,20,21,22,23,24,9,16,9,25,7,193,194,195,26,27,7,193,194,195,28,16,7,193,194,195,29,7,193,194,195,30,31,30,7,193,194,195,32,31,32,9,7,193,194,195,31,32,9,196,79,26,196,79,27,33,7,193,194,195,16,34
1,490,491,492,7,493,494,495,297,356,367,495,494,495,297,356,367,149,6,496,7,497,344,18,498,499,500,2,19,501,425,502,86,503,356,283,472,504,87,95,503,505,356,506,8,115,77,507,508,419,36,84,36,293,33,95,96,16,97,51,16,34,16
1,53,7,54,7,54,55,7,54,7,56,57,58,54,7,54,7,56,57,58,59,7,54,60,7,54,7,56,57,58,60,7,56,60,53,57,61,7,54,61,60,62,7,54,62,7,56,63,26,27,7,56,53,57,61,7,54,61,60,62,7,54,62,7,56,53,57,61,60,64,7,54,64
1,13,35,12,35,36,189,35,36,191,16,192,18,16,19,20,21,22,23,24,9,16,9,25,26,28,16,29,30,31,30,32,31,32,9,27,33,16,34,35,36,37,16,38,26,39,27,183,184,18,75,185,79,14,26,39,27,79,26,39,27,13,14,26,39,27,16,26,27,26,27,16,26,16,34,27,26,16,34,7,194,195,27,79,7,194,195,16,196,79,7,194,195,196,26,16,34,7,194,195,34
1,11,12,16,65,19,20,21,22,23,24,9,16,9,25,28,29,30,31,30,32,31,32,9,33,34,35,36,37,38,19,35,65,328,38,52
1,13,35,12,16,19,20,21,22,23,24,9,16,9,25,28,29,30,31,30,32,31,32,9,33,16,34,16,38,39,183,184,18,75,185,16,39,19,35,283,284,33,198,31,198,175,1019,16,69,34,112,344,92,7,69,112,394,816,31,198,442,9,394,816,113,69,95,21,100,16,100,97,16,97,34,51,95,21,16,107,34,51,397
1,84,36,342,343,60,33,95,88,75,93,95,100,97,107,51,84,36,851
1,84,36,115,139,140,141,142,143,144,143,19,35,342,33,84,36,434,907,103,398,339,33,88,75,103,313,696,292
1,84,36,342,343,60,33,95,88,75,93,95,100,97,107,51,84,36,851,84,36,115,115
1,183,184,18,75,185,186,187,12,123,36,15,17,188,189,190,191,16,190,192,123,26,79,27,26,79,27,18,186,16,20,21,22,122,24,16,25,132,16,34,188,16,37,7,193,194,195,26,27,7,193,194,195,28,16,7,193,194,195,29,7,193,194,195,31,30,7,193,194,195,31,32,9,196,79,26,196,79,27,37,26,190,39,188,27,38,26,190,39,188,27,79,14,26,190,39,188,27,79,26,190
1,145,156,245,145,36,145,145
1,183,184,18,75,185,19,293,16,13,293,34,12,35,36,15,17,193,35,36,188,193,35,36,190,35,36,193,35,36,188,189,193,35,36,190,191,16,193,194,35,36,190,192,35,36,79,26,79,27,18,19,16,20,21,22,23,24,9,16,9,25,7,193,194,195,26,27,7,193,194,195,28,16,7,193,194,195,29,7,193,194,195,30,31,30,7,193,194,195,32,31,32,9,7,193,194,195,31,32,9
1,183,184,18,75,185,186,544,35,139,140,141,142,38,143,160,123,36,630,631,162,164,163,293,16,470,65,470,115,65,145,470,65,145,470,115,65,186,122,201,293,16,473,123,36,630,123,36,632,451,293,34,51,328,293,34,52
1,35,347,23,19,11,18,33,342,86,350,337,90,86,351,352,14,311,65,352,13,35,36,350,337,28,29,350,337,350,337,350,353,350,337,35,36,14,354,196,79,14,35,302,306,307,230,14,356,282,110,302,208,357,307,14,26,27,352,26,27,14,309,18,358,26,27,352,26,27,309,11,184,358,18,358,309,14,82,35,36,84,36,82,36,252,359,280,360,302,306,307,36,361,26,27,359,362,363,26,27
1,81,82,83,35,84,36,85,86,23,86,35,87,88,87,89,90,89,91,92,75,93,94,75,33,78,95,86,90,89,86,96,97,75,43,44,97,98,48,98,99,100,97,101,100,97,75,97,101,75,100,35,36,102,103,90,86,104,86,87,89,90,86,105,86,87,89,90,86,87,89,87,92,7,86,106,86,90,89,91,87,89,78,95,100,97,107,108,51,86,90,86,90,89,91,87,89,78,95,100,97
1,183,184,18,75,185,186,187,12,123,36,15,17,188,189,190,191,16,190,192,123,26,79,27,26,79,27,18,186,16,20,21,22,23,24,9,16,9,25,7,193,194,195,26,27,7,193,194,195,28,16,7,193,194,195,29,7,193,194,195,31,30,7,193,194,195,31,32,9,196,79,26,196,79,27,33,7,193,194,195,16,34,188,37,16,188,38,26,190,39,188,27,7,193,194,195,84,36,7,52
1,11,12,16,65,19,20,21,22,23,24,9,16,9,25,28,29,30,31,30,32,31,32,9,33,34,35,36,37,19,35,66,67,74,44,587,77,65,1,77,690,44,495,18,690,66,199,563,449,471,66,10
1,183,184,18,75,185,186,187,12,123,36,15,17,188,189,190,191,16,190,192,123,26,79,27,26,79,27,18,186,16,20,21,22,122,24,16,25,132,16,34,188,16,37,7,193,194,195,26,27,7,193,194,195,28,16,7,193,194,195,29,7,193,194,195,31,30,7,193,194,195,31,32,9,196,79,26,196,79,27,26,190,39,188,27,38,26,190,39,188,27,79,14,26,190,39,188,27,79,26,190,39
1,183,184,18,75,185,186,187,12,123,36,15,17,188,189,190,191,16,190,192,123,26,79,27,26,79,27,18,186,16,20,21,22,23,24,9,16,9,25,7,193,194,195,26,27,7,193,194,195,28,16,7,193,194,195,29,7,193,194,195,31,30,7,193,194,195,31,32,9,196,79,26,196,79,27,33,7,193,194,195,16,34,188,37,16,188,38,26,190,39,188,27,7,193,194,195,84,36,7,52
1,183,184,18,75,185,12,123,36,15,17,193,123,36,188,189,193,123,36,190,191,16,193,194,123,36,190,192,123,36,26,79,27,26,79,27,18,19,16,20,21,22,23,24,9,16,9,25,7,193,194,195,26,27,7,193,194,195,28,16,7,193,194,195,29,7,193,194,195,30,31,30,7,193,194,195,32,31,32,9,7,193,194,195,31,32,9,196,79,26,196,79,27,33,7,193,194,195,16,34,193
1,139,140,141,142,143,144,143,19,35,142,145,90,182,35,145,90,182,36,38,35
1,1047,981,982,416,452,983,416
1,183,184,18,75,185,186,187,12,123,36,15,17,188,189,190,191,16,190,192,123,26,79,27,26,79,27,18,186,16,20,21,22,122,24,16,25,132,16,34,188,16,188,37,7,193,194,195,26,27,7,193,194,195,28,16,7,193,194,195,29,7,193,194,195,31,30,7,193,194,195,31,32,9,196,79,26,196,79,27,26,190,39,188,27,38,26,190,39,188,27,79,14,26,190,39,188,27,79,26,190
1,123,543,349,115,349,115,349,122,132,631,163,162,164,160,123,9,36,102,185,53,133,62
1,183,184,18,75,185,19,12,123,36,15,17,193,123,36,188,189,193,123,36,190,191,16,193,194,123,36,190,192,123,36,26,79,27,26,79,27,18,19,16,20,21,22,23,24,9,16,9,25,7,193,194,195,26,27,7,193,194,195,28,16,7,193,194,195,29,7,193,194,195,30,31,30,7,193,194,195,32,31,32,9,7,193,194,195,31,32,9,196,79,26,196,79,27,33,7,193,194,195,16,34
1,53,7,54,7,54,55,7,54,7,56,57,58,54,7,54,7,56,57,58,59,7,54,60,7,54,7,56,57,58,60,7,56,60,53,57,61,7,54,61,60,62,7,54,62,7,56,63,26,27,7,56,53,57,61,7,54,61,60,62,7,54,62,7,56,53,57,61,60,64,7,54,64
1,183,184,18,75,185,19,293,16,13,293,34,12,35,36,15,17,193,35,36,188,193,35,36,190,35,36,193,35,36,188,189,193,35,36,190,191,16,193,194,35,36,190,192,35,36,79,26,79,27,18,19,16,20,21,22,23,24,9,16,9,25,7,193,194,195,26,27,7,193,194,195,28,16,7,193,194,195,29,7,193,194,195,30,31,30,7,193,194,195,32,31,32,9,7,193,194,195,31,32,9
1,84,36,159,7,177,51,33,95,107,51,314,51,489
1,139,140,141,142,143,144,143,19,35,732
1,81,82,83,35,84,36,120,121,122,121,123,124,125,124,126,127,126,128,129,75,130,131,75,132,133,134,121,127,126,121,96,97,101,100,97,75,100,35,36,102,118,127,121,135,121,124,126,127,121,136,121,124,126,127,121,124,126,124,129,7,121,137,121,127,126,128,124,126,133,134,100,97,75,110,118,107,108,51,121,127,126,128,124,126,133,134,100,97,75,110,118,107,75,110,118,108,51,121,127,126
1,183,184,18,75,185,19,12,123,36,15,17,193,123,36,188,189,193,123,36,190,191,16,193,194,123,36,190,192,123,36,26,79,27,26,79,27,18,19,16,20,21,22,23,24,9,16,9,25,7,193,194,195,26,27,7,193,194,195,28,16,7,193,194,195,29,7,193,194,195,30,31,30,7,193,194,195,32,31,32,9,7,193,194,195,31,32,9,196,79,26,196,79,27,33,7,193,194,195,16,34
1,183,184,18,75,185,186,187,12,123,36,15,17,188,189,190,191,16,190,192,123,26,79,27,26,79,27,18,186,16,20,21,22,122,24,16,25,132,16,34,188,16,37,7,193,194,195,26,27,7,193,194,195,28,16,7,193,194,195,29,7,193,194,195,31,30,7,193,194,195,31,32,9,196,79,26,196,79,27,37,26,190,39,188,27,38,26,190,39,188,27,79,14,26,190,39,188,27,79,26,190
1,13,35,12,35,36,189,35,36,191,16,192,18,16,19,20,21,22,23,24,9,16,9,25,26,28,16,29,30,31,30,32,31,32,9,27,33,16,34,35,36,37,16,38,26,39,27,183,184,18,75,185,79,14,26,39,27,79,26,39,27,13,14,26,39,27,16,26,27,26,27,16,26,16,34,27,26,16,34,7,194,195,27,79,7,194,195,16,196,79,7,194,195,196,26,16,34,7,194,195,34
1,65,328,35,36,65,328,35,36,35,84,36,33,342,182,350,337,35,36,36
1,82,11,35,36,117,118,119,90,35,117,118,119,36,81,83,120,121,122,121,123,124,125,124,126,127,126,128,129,7,75,130,131,75,132,133,134,121,127,126,121,96,97,101,100,97,75,100,35,36,102,118,127,121,135,121,124,126,127,121,136,121,124,126,127,121,124,126,124,129,7,121,137,121,127,126,128,124,126,133,134,100,97,75,110,118,107,108,51,121,127,126,128,124,126,133,134,100,97,107,108
1,183,184,18,75,185,19,35,139,140,141,142,38,143,617,11,123,36,187,145,161,163,161,162,164,470,332,354,72,161,163,161,162,164,470,332,161,81,13,161,163,311,161,163,161,162,164,470,332,618,202,161,163,161,162,164,470,332,619,161,163,311,161,163,161,162,164,470,332,618,202,88,619,89,495,78,92,89,311,89,95,202,51,78,478,106,620,110,621,106,80,89,84,36,622,489,434,478,106,620,110
1,84,132,509,510,511,134,96,512,171
1,139,140,141,142,143,144,143,19,35,145,161,163,162,164,311,470,202,145,168,342,399,60,184,145,13,225,425,1045,7,228,537,225,145,1046,228,173,174,1,145,11,35,36,175,176,51,145,33,13,696,52
1,84,36,115,183,184,18,75,185,186,12,123,36,15,17,189,191,16,192,123,26,79,27,26,79,27,18,186,16,20,21,22,122,24,16
1,84,36,342,343,60,33,95,88,75,93,95,100,97,107,51,84,36,851,960
1,35,23,35,36,687,36,688,36,689,14,311,65,352,498,352,337,498,337,13,81,35,36,82,84,82,231,543,349,115,349,115,349,23,33,95,161,163,162,164,160,96,100,97,100,96,65,97,328,100,35,36,102,435,300,627,89,78,344,89,627,89,78,7,195,92,627,89,100,95,65,97,100,96,65,97,97
1,94,23,146,198,378,19,146,269,602,11,660,124,275,661,128,662,378,435,663,102,582,664,2,665,101,666,109,655,667,668,269,250,419,250,669,670,94,275,665,94,671,672,582,664,94,673,674,202,94,671,672,582,664,94,275,665,94,671,672,582,664,94,673,674,202,94,671,672,582,664,673,202,675,138,535,146,250,676,618,677,102,678,7,184,679,680,668,250,681,682,275,665,682,378,683,23,180,684,150,582
1,81,82,83,35,84,36,120,121,122,121,123,124,125,124,126,127,126,128,129,75,130,131,75,132,133,134,121,127,126,121,96,97,75,700,44,97,658,556,658,99,100,97,101,100,97,75,97
1,11,12,16,65,19,20,21,22,23,24,9,16,9,25,28,29,30,31,30,32,31,32,9,33,34,35,36,37,19,35,857,75,70,113,69,44,65,133,1,66,44,495,18,449,471,79,471
1,11,12,13,16,19,20,21,22,23,24,9,16,9,25,28,29,30,31,30,32,31,32,9,33,16,34,16,19,35,342,33,80,398,339,33,909,300,182,91,175,433,425,77,314,433,77,70,52
1,183,184,18,75,185,186,544,35,139,140,141,142,38,143,160,123,36,630,631,162,164,163,293,16,470,65,470,115,65,145,470,65,145,470,115,65,186,122,201,293,16,473,123,36,630,123,36,632,451,293,34,51,328,293,34,52
1,356,84,36,414,415,416,415,128,134,51,415,128,134,415,416
1,1,2,3,4,5,6,7,8,9,7,10
1,82,11,35,36,117,118,119,90,35,117,118,119,36,81,83,120,121,122,121,123,124,125,124,126,127,126,128,129,7,75,130,131,75,132,133,134,121,127,126,121,96,97,101,100,97,75,97,75,100,35,36,102,118,127,121,135,121,124,126,127,121,136,121,124,126,127,121,124,126,124,129,7,121,137,121,127,126,128,124,126,133,134,100,97,75,110,118,107,108,51,121,127,126,128,124,126,133,134,100,97
1,84,36,115,183,184,18,75,185,186,187,12,123,36,15,17,188,189,190,191,16,190,192,123,26,79,27,26,79,27,18,186,16,20,21,22,23,24,9,16,9,25,7,193,194,195,26,27,7,193,194,195,28,16,7,193,194,195,29,7,193,194,195,31,30,7,193,194,195,31,32,9,196,79,26,196,79,27,33,7,193,194,195,16,34,188,26,190,39,188,27,7,193,194,195,75,7,193,194,195,621
1,183,184,18,75,185,186,187,12,123,36,15,17,188,189,190,191,16,190,192,123,26,79,27,26,79,27,18,186,16,20,21,22,122,24,16,25,132,16,34,188,16,37,7,193,194,195,26,27,7,193,194,195,28,16,7,193,194,195,29,7,193,194,195,31,30,7,193,194,195,31,32,9,196,79,26,196,79,27,26,190,39,188,27,38,26,190,39,188,27,79,14,26,190,39,188,27,79,26,190,39
1,980,981,982,416,452,983,416
1,139,140,141,142,143,144,143,19,35,157,156,145,153,315,316,68,156,317,152,196,318,158,319,317,320,318,321,322,323,317,324,318,325,326,322,320,323
1,1,2,3,4,5,6,7,8,9,7,10
1,139,140,141,142,143,144,143,19,35,156,145,157,156,158,156,158,84,157,156,158,156,158,36,158,159,160,79,161,162,163,164,156,158,156,157,156,158,156,158,35,158,157,156,158,156,158,36,158,156,165,158,156,158,166,35,36,167,166,80,166,168,169,95,170,171,172,51,173,174,1,35,36,175,176,177,51,178
1,82,14,123,315,461,14,18,122,123,36,462,26,293,27,16,462,34,201,202,463,245,132,123,36,464,465,466,467,42,242,1,468,469,242,1,7,242,470,466,471,131,472,471,16,473,145,451,51,34,72,26,27,51,177,51,346,474,155,346,52
1,94,23,146,198,378,19,146,269,602,11,660,124,275,661,128,662,378,435,663,102,582,664,2,665,101,666,109,655,667,668,269,250,419,250,669,670,94,275,665,94,671,672,582,664,94,673,674,202,94,671,672,582,664,94,275,665,94,671,672,582,664,94,673,674,202,94,671,672,582,664,673,202,675,138,535,146,250,676,618,677,102,678,7,184,679,680,668,250,681,682,275,665,682,378,683,23,180,684,150,582
1,139,140,141,142,143,144,143,19,35,732
1,53,7,54,7,54,55,7,54,7,56,57,58,54,7,54,7,56,57,58,59,7,54,60,7,54,7,56,57,58,60,7,56,60,53,57,61,7,54,61,60,62,7,54,62,7,56,63,26,27,7,56,53,57,61,7,54,61,60,62,7,54,62,7,56,53,57,61,60,64,7,54,64
1,183,184,18,75,185,186,187,12,123,633,15,17,188,189,190,191,16,190,192,123,26,79,27,26,79,27,18,186,16,20,21,22,122,24,16,25,132,16,34,188,16,188,37,16,7,193,194,195,26,27,7,193,194,195,28,16,7,193,194,195,29,7,193,194,195,31,30,7,193,194,195,31,32,9,196,79,26,196,79,27,38,26,190,39,188,27,16,26,190,39,188,27,82,38,122,16,201,26,190,39
1,82,11,35,36,117,118,119,90,35,117,118,119,36,81,83,120,121,122,121,123,124,125,124,126,127,126,128,129,7,75,130,131,75,132,133,134,121,127,126,121,96,97,101,75,130,134,100,75,100,97,101,107,100,97,75,97,35,36,102,118,121,135,121,124,126,127,121,136,121,124,126,127,121,124,126,124,129,7,121,137,121,127,126,128,124,126,133,134,100,75,97,107,108,51,121,127,126,128,124,126
1,84,132,509,510,511,134,96,512,171
1,11,12,13,16,19,20,21,22,23,24,9,16,9,25,28,29,30,31,30,32,31,32,9,33,16,34,38,19,35,16,31,16,315,316,68,16,317,152,196,318,34,319,317,320,318,321,322,323,317,324,318,325,326,322,320,323
1,183,18,184,185,186,293,188,123,36,646,191,16,192,26,27,18,16,26,646,27,26,16,186,20,21,27,122,24,16,25,132,16,34,188,16,188,7,194,195,26,27,7,194,195,28,16,7,194,195,29,7,194,195,31,30,7,194,195,31,645,9,26,27,37,16,38,26,190,39,188,27,646,26,190,39,188,27,646,26,190,39,188,27,293,26,190,39,188,27,646,463,26,190,39,188,27,16,26,190,39
1,94,23,146,198,378,19,146,269,602,11,660,124,275,661,128,662,378,435,663,102,582,664,2,665,101,666,109,655,667,668,269,250,419,250,669,670,94,275,665,94,671,672,582,664,94,673,674,202,94,671,672,582,664,94,275,665,94,671,672,582,664,94,673,674,202,94,671,672,582,664,673,202,675,138,535,146,250,676,618,677,102,678,7,184,679,680,668,250,681,682,275,665,682,378,683,23,180,684,150,582
1,84,36,11,12,13,16,19,20,21,22,23,24,9,16,9,25,28,29,30,31,30,32,31,32,9,33,16,34,19,35,33,95,100,97,16,100,97,16
1,183,184,18,75,185,19,12,123,36,15,17,193,123,36,188,189,193,123,36,190,191,16,193,194,123,36,190,192,123,36,26,79,27,26,79,27,18,19,16,20,21,22,23,24,9,16,9,25,7,193,194,195,26,27,7,193,194,195,28,16,7,193,194,195,29,7,193,194,195,30,31,30,7,193,194,195,32,31,32,9,7,193,194,195,31,32,9,196,79,26,196,79,27,33,7,193,194,195,16,34
1,94,23,146,198,378,19,146,269,602,11,660,124,275,661,128,662,378,435,663,102,582,664,2,665,101,666,109,655,667,668,269,250,419,250,669,670,94,275,665,94,671,672,582,664,94,673,674,202,94,671,672,582,664,94,275,665,94,671,672,582,664,94,673,674,202
1,84,132,509,510,511,134,96,512,171
1,81,82,83,35,84,36,85,86,23,86,35,87,88,87,89,90,89,91,92,75,93,94,75,33,78,95,86,90,89,86,96,97,100,97,101,100,97,75,100,35,36,102,103,90,86,104,86,87,86,105,103,90,86,104,83,86,87,89,90,86,87,89,87,92,7,86,106,86,90,89,91,87,89,78,95,100,97,75,110,103,107,75,110,103,107,108,51,86,90,89,91,87,89,78,95,100,97,107,97,107
1,139,140,141,142,143,144,143,19,35,84,36,7,52
1,183,184,18,75,185,186,187,12,123,36,15,17,188,189,190,191,16,190,192,123,26,79,27,26,79,27,18,186,16,20,21,22,23,24,9,16,9,25,7,193,194,195,26,27,7,193,194,195,28,16,7,193,194,195,29,7,193,194,195,31,30,7,193,194,195,31,32,9,196,79,26,196,79,27,33,7,193,194,195,16,34,188,37,16,188,38,26,190,39,188,27,7,193,194,195,84,36,7,52
1,82,11,35,36,117,118,119,90,35,117,118,119,36,81,83,120,121,122,121,123,124,125,124,126,127,126,128,129,7,75,130,131,75,132,133,134,121,127,126,121,96,97,101,100,97,75,100,35,36,102,118,127,121,135,121,124,126,127,121,136,121,124,126,127,121,124,126,124,129,7,121,137,121,127,126,128,124,126,133,134,100,97,75,110,118,107,51,121,127,126,128,124,126,133,134,100,97,107,51,121
1,183,184,18,75,185,19,12,123,36,15,17,193,123,36,188,189,193,123,36,190,191,16,193,194,123,36,190,192,123,36,26,79,27,26,79,27,18,19,16,20,21,22,23,24,9,16,9,25,7,193,194,195,26,27,7,193,194,195,28,16,7,193,194,195,29,7,193,194,195,30,31,30,7,193,194,195,32,31,32,9,7,193,194,195,31,32,9,196,79,26,196,79,27,33,7,193,194,195,16,34
1,11,12,16,14,15,26,16,65,27,17,18,16,19,20,21,22,23,24,9,16,9,25,26,27,26,14,27,26,28,29,30,31,30,32,31,32,9,27,33,26,27,34,26,27,16,19,35,66,67,68,69,70,71,72,71,70,73,69,74,65,75,44,76,77,78,79,80,79,80
1,53,7,54,7,54,55,7,54,7,56,57,58,54,7,54,7,56,57,58,59,7,54,60,7,54,7,56,57,58,60,7,56,60,53,57,61,7,54,61,60,62,7,54,62,7,56,63,26,27,7,56,53,57,61,7,54,61,60,62,7,54,62,7,56,53,57,61,60,64,7,54,64
1,35,23,35,36,687,36,688,36,689,81,14,311,65,352,498,352,337,498,337,13,35,36,82,84,82,231,543,349,115,349,115,349,23,33,95,161,163,162,164,160,96,100,97,100,96,65,97,65,328,65,65
1,84,36,115,139,140,141,142,143,144,143,19,35,182,91,342,84,36,33,80,907,75,908,103,91,398,182,339,84,36,33,88,91,696,292
1,183,184,18,75,185,19,293,16,13,293,34,12,35,36,15,17,193,35,36,188,193,35,36,190,35,36,193,35,36,188,189,193,35,36,190,191,16,193,194,35,36,190,192,35,36,79,26,79,27,18,19,16,20,21,22,23,24,9,16,9,25,7,193,194,195,26,27,7,193,194,195,28,16,7,193,194,195,29,7,193,194,195,30,31,30,7,193,194,195,32,31,32,9,7,193,194,195,31,32,9
1,81,82,83,35,84,36,120,121,122,121,123,124,125,124,126,127,126,128,129,75,130,131,75,132,133,134,121,127,126,121,96,97,100,97,101,100,97,75,100,35,36,102,118,127,121,135,121,124,121,136,127,804,121,126,127,121,480,101,121,127,121,124,126,127,121,124,126,75,130,121,127,804,121,124,126,127,63,113,131,121,127,121,124,126,127,804,124,129,7,127,804,124,129,127,804,121,127,804,51,121
1,183,184,18,75,185,186,293,16,13,293,34,12,35,36,15,17,193,35,36,188,193,35,36,190,35,36,193,35,36,188,189,193,35,36,190,191,16,193,194,35,36,190,192,35,36,79,26,79,27,18,19,16,20,21,22,122,24,16,25,132,16,34,193,194,188,7,193,194,195,26,27,7,193,194,195,28,16,7,193,194,195,29,7,193,194,195,30,31,30,7,193,194,195,32,31,32,9,7,193,194
1,13,35,12,35,36,189,35,36,191,16,192,18,16,19,20,21,22,23,24,9,16,9,25,26,28,16,29,30,31,30,32,31,32,9,27,33,16,34,35,36,37,16,38,26,39,27,183,184,18,75,185,79,14,26,39,27,79,26,39,27,13,14,26,39,27,16,26,27,26,27,16,26,16,34,27,26,16,34,7,194,195,27,79,7,194,195,16,196,79,7,194,195,196,26,16,34,7,194,195,34
1,81,82,83,35,84,36,120,121,122,121,123,124,125,124,126,127,126,128,129,75,130,131,75,132,133,134,121,127,126,121,96,97,101,100,97,75,100,35,36,102,118,127,121,135,121,124,126,127,121,136,121,124,126,127,121,124,126,124,129,7,121,137,121,127,126,128,124,126,133,134,100,97,75,110,118,107,108,51,121,127,126,128,124,126,133,134,100,97,75,110,118,107,75,110,118,108,51,121,127,126
1,13,35,12,35,36,189,35,36,191,16,192,18,16,19,20,21,22,23,24,9,16,9,25,26,28,16,29,30,31,30,32,31,32,9,27,33,16,34,35,36,37,16,38,26,39,27,183,184,18,75,185,79,14,26,39,27,79,26,39,27,13,14,26,39,27,16,26,39,27,26,16,34,27,26,16,34,7,194,195,27,79,7,194,195,196,26,16,34,7,194,195,34,27,26,39,27,26,16,26,27
1,13,35,12,35,36,189,35,36,191,16,192,18,16,19,20,21,22,23,24,9,16,9,25,26,28,16,29,30,31,30,32,31,32,9,27,33,16,34,35,36,37,16,38,26,39,27,183,184,18,75,185,79,14,26,39,27,79,26,39,27,13,14,26,39,27,16,26,27,26,27,16,26,16,34,27,26,16,34,7,194,195,27,79,7,194,195,16,196,79,7,194,195,196,26,16,34,7,194,195,34
1,1023,12,1024,16,14,26,275,1024,149,104,249,371,975,104,1024,27,346,976,14,26,1024,29,249,1024,27,346,275,563,149,1024,29,249,975,378,1024,976,217,275,1024,104,665,975,29,1024,976,275,14,26,563,1024,975,104,435,1024,976,27,346,217,14,26,1024,29,371,665,975,104,7,1024,27,346,14,26,1024,978,435,29,149,1024,27,346,543,101,971,35,282,280,356,282,283,84,1024,41,378,7,104,1025,104,1024,109,973
1,13,35,12,35,36,189,35,36,191,16,192,18,16,19,20,21,22,23,24,9,16,9,25,26,28,16,29,30,31,30,32,31,32,9,27,33,16,34,35,36,37,16,38,26,39,27,183,184,18,75,185,79,14,26,39,27,79,26,39,27,13,14,26,39,27,16,26,27,26,27,16,26,16,34,27,26,16,34,7,194,195,27,79,7,194,195,16,196,79,7,194,195,196,26,16,34,7,194,195,34
1,183,184,18,75,185,186,187,12,123,36,15,17,188,189,190,191,16,190,192,123,26,79,27,26,79,27,18,186,16,20,21,22,23,24,9,16,9,25,7,193,194,195,26,27,7,193,194,195,28,16,7,193,194,195,29,7,193,194,195,31,30,7,193,194,195,31,32,9,196,79,26,196,79,27,33,7,193,194,195,16,34,188,16,188,37,38,26,190,39,188,27,7,193,194,195,84,36,489,543,65
1,183,184,18,75,185,186,544,35,139,140,141,142,38,143,160,123,36,630,631,162,164,163,293,16,470,65,470,115,65,145,470,65,145,470,115,65,186,122,201,293,16,473,123,36,630,123,36,632,451,293,34,51,328,293,34,52
1,139,140,141,142,143,144,143,19,35,323,41,68,962,152,156,90,31,317,196,318,895,156,90,31,317,323,470,196,318,895,704,325,9,156,9,325,145,963,895,963,488,33,287,398,292
1,183,184,18,75,185,186,187,12,123,36,15,17,188,189,190,191,16,190,192,123,26,79,27,26,79,27,18,186,16,20,21,22,122,24,16,25,132,16,34,188,16,37,7,193,194,195,26,27,7,193,194,195,28,16,7,193,194,195,29,7,193,194,195,31,30,7,193,194,195,31,32,9,196,79,26,196,79,27,26,190,39,188,27,38,26,190,39,188,27,79,14,26,190,39,188,27,79,26,190,39
1,11,12,16,65,19,20,21,22,23,24,9,16,9,25,28,29,30,31,30,32,31,32,9,33,34,19,35,66,67,74,44,587,65,1,44,495,18,690,66,199,563,449,471,66,10
1,183,18,184,185,186,293,188,123,36,646,191,16,192,26,27,18,16,26,646,27,26,16,186,20,21,27,23,24,9,16,9,25,7,194,195,26,27,7,194,195,28,16,7,194,195,29,7,194,195,31,30,7,194,195,31,645,9,26,27,33,7,194,195,16,34,188,16,37,16,188,38,26,190,39,188,27,7,194,195,82,175,233,954,824,51,7,955,400,60,955,400,60,84,36,956,489,75,7,194,195
1,183,18,184,185,37,119,7,189,119,7,15,17,119,7,189,293,119,7,15,7,193,16,17,26,27,195,26,16,189,27,186,20,21,27,23,122,7,193,195,26,27,28,16,29,31,30,31,119,7,32,9,31,32,9,26,27,26,16,27,33,16,634,7,193,195,24,9,16,9,25,16,34,16,189,37,38,132,186,311,132,134,100,97,311,100,97,605,635,636,311,636,637,638,639,202,640,84,36,641,69
1,183,18,184,185,37,119,7,189,119,7,15,17,119,7,189,293,119,7,15,7,193,26,16,27,17,26,27,195,26,16,27,189,26,27,186,20,21,27,23,122,7,193,195,26,27,28,26,16,27,29,31,26,16,27,31,30,26,691,34,27,31,26,16,27,31,119,7,32,26,16,27,32,9,26,691,34,27,31,26,16,27,31,32,26,16,27,32,9,26,691,34,27,26,16,27,26,27,33,26,16
1,13,35,12,35,36,189,35,36,191,16,192,18,16,19,20,21,22,23,24,9,16,9,25,26,28,16,29,30,31,30,32,31,32,9,27,33,16,34,35,36,37,16,38,26,39,27,183,184,18,75,185,79,14,26,39,27,79,26,39,27,13,14,26,39,27,16,26,27,26,27,16,26,16,34,27,26,16,34,7,194,195,27,79,7,194,195,16,196,79,7,194,195,196,26,16,34,7,194,195,34
1,139,140,141,142,143,144,143,19,35,84,36,14,36,145,146,36,145,147,36,145,148,36,145,149,36,145,150,147,36,145,33
1,84,36,115,11,12,16,14,15,26,16,65,27,17,18,16,19,20,21,22,23,24,9,16,9,25,26,27,26,14,27,26,28,29,30,31,30,32,31,32,9,27,33,26,27,34,19,35,36,630,182,80,91,182,91,88,103,161,162,163,164
1,701,470,118,103,702,351,36,703
1,1,2,3,4,5,6,7,8,9,7,10
1,183,184,18,75,185,186,544,35,139,140,141,142,38,143,160,123,36,630,631,162,164,163,293,16,470,65,470,115,65,145,470,65,145,470,115,65,186,122,201,293,16,473,123,36,630,123,36,632,451,293,34,51,328,293,34,52
1,13,35,12,35,36,189,35,36,191,16,192,18,16,19,20,21,22,23,24,9,16,9,25,26,28,16,29,30,31,30,32,31,32,9,27,33,16,34,35,36,37,16,38,26,39,27,183,184,18,75,185,79,14,26,39,27,79,26,39,27,13,14,26,39,27,16,26,27,26,27,16,26,16,34,27,26,16,34,7,194,195,27,79,7,194,195,16,196,79,7,194,195,196,26,16,34,7,194,195,34
1,183,184,18,75,185,19,12,123,36,15,17,193,123,36,188,189,193,123,36,190,191,16,193,194,123,36,190,192,123,36,26,79,27,26,79,27,18,19,16,20,21,22,23,24,9,16,9,25,7,193,194,195,26,27,7,193,194,195,28,16,7,193,194,195,29,7,193,194,195,30,31,30,7,193,194,195,32,31,32,9,7,193,194,195,31,32,9,196,79,26,196,79,27,33,7,193,194,195,16,34
1,701,470,118,103,702,351,36,703
1,13,35,12,35,36,189,35,36,191,16,192,18,16,19,20,21,22,23,24,9,16,9,25,26,28,16,29,30,31,30,32,31,32,9,27,33,16,34,35,36,37,16,38,26,39,27,183,184,18,75,185,79,14,26,39,27,79,26,39,27,13,14,26,39,27,16,26,27,26,27,16,26,16,34,27,26,16,34,7,194,195,27,79,7,194,195,16,196,79,7,194,195,196,26,16,34,7,194,195,34
1,139,140,141,142,143,144,143,19,35,732
1,11,12,16,14,15,26,16,65,27,17,18,16,19,20,21,22,23,24,9,16,9,25,26,27,26,14,27,26,28,29,30,31,30,32,31,32,9,27,33,26,27,34,35,36,37,26,27,16,19,35,66,563,10,854,855,7,856,26,27,26,14,27,26,14,27,26,27,52
1,183,184,18,75,185,19,12,123,36,15,17,193,123,36,188,189,193,123,36,190,191,16,193,194,123,36,190,192,123,36,26,79,27,26,79,27,18,19,16,20,21,22,23,24,9,16,9,25,7,193,194,195,26,27,7,193,194,195,28,16,7,193,194,195,29,7,193,194,195,30,31,30,7,193,194,195,32,31,32,9,7,193,194,195,31,32,9,196,79,26,196,79,27,33,7,193,194,195,16,34
1,84,132,509,510,511,134,96,512,171
1,139,140,141,142,143,144,143,19,35,84,36,7,52
1,139,140,141,142,143,144,143,19,35,290,291,292
1,35,23,35,36,687,36,688,36,689,81,14,311,65,352,498,352,337,498,337,13,35,36,82,84,82,231,543,349,115,349,115,349,23,33,95,161,163,162,164,160,96,100,97,100,96,65,97,328,100,35,36,102,435,300,627,89,78,344,89,627,89,78,7,195,92,627,89,100,95,65,97,100,96,65,97,97
1,1,2,3,4,5,6,7,8,9,7,10
1,1020,12,967,968,16,971,101,35,282,280,356,282,283,275,971,967,968,378,969,977,969,249,975,969,7,98,104,972,969,98,969,972,969,979,973,109,976,973,275,967,104,968,435,969,149,969,975,979,976,101,543,971,967,968,284,974,969,90,1021,969,979,109,973,563,14,26,975,967,968,969,435,969,978,969,104,978,104,969,104,969,104,979,217,27,346,969,275,967,968,969,975,969,371,969,249,969,979,976,101,14
1,1,2,3,4,5,6,7,8,9,7,10
1,13,35,12,16,19,20,21,22,23,24,9,16,9,25,28,29,30,31,30,32,31,32,9,33,16,34,16,38,39,183,184,18,75,185,39,19,35,283,284,33,198,31,198,175,1019,16,69,34,112,344,92,7,69,112,394,816,31,198,442,9,394,816,113,69,95,21,100,16,100,97,51
1,139,140,141,142,143,144,143,19,35,732
1,139,38,23,157,166,157,470,1012,281,1012,153,1013,1012,895,166,157,281,888,157,1014,166,470,112,1015,157,396,1015,157,1016,470,157,281,166,396,7,1017,113,895,888,895,140,35,483,482,23,19,35,122,201,166,84,36,315,36,68,152,245,631,162,164,163,895,166
1,183,184,18,75,185,186,187,12,123,36,15,17,188,189,190,191,16,190,192,123,26,79,27,26,79,27,18,186,16,20,21,22,122,24,16,25,132,16,34,188,16,188,37,7,193,194,195,26,27,7,193,194,195,28,16,7,193,194,195,29,7,193,194,195,31,30,7,193,194,195,31,32,9,196,79,26,196,79,27,38,26,190,39,188,27,79,14,26,190,39,188,27,79,26,190,39,188,27,123,132
1,84,36,342,343,60,33,95,88,75,93,95,100,97,107,51,84,36,851,684,425,40,961,75,425,684,75,51,139,140,141,142,143,144,143,19,35,84,36,335,178
1,490,491,492,7,493,494,495,297,356,367,495,494,495,297,356,367,149,6,496,7,497,344,18,498,499,500,2,19,501,425,502,86,503,356,283,472,504,87,95,503,505,356,506,8,115,77,507,508,419,36,84,36,293,33,95,96,16,97,51,16,34,16
1,139,38,144,140,482,483,23,19,35,145,33,484,485,35,36,175,176,486,195,486,162,164,486,195,145,478,486,195,486,162,164,486,195,486,162,164,487,342,486,162,164,488,486,162,164,7,289
1,94,23,146,198,378,19,146,269,602,11,660,124,275,661,128,662,378,435,663,102,582,664,2,665,101,666,109,655,667,668,269,250,419,250,669,670,94,275,665,94,671,672,582,664,94,673,674,202,94,671,672,582,664,94,275,665,94,671,672,582,664,94,673,674,202,94,671,672,582,664,673,202,675,138,535,146,250,676,618,677,102,678,7,184,679,680,668,250,681,682,275,665,682,378,683,23,180,684,150,582
1,123,543,349,115,349,115,349,122,132,631,163,162,164,160,123,9,36,102,185,53,133,62
1,943,944,680,682,945,946,947,419,269,507,269,872,490,4,685,420,948,245,508,612,376,505,949,9,7,175,503,435,6,419,950,848,146,535,7
1,53,7,54,7,54,55,7,54,7,56,57,58,54,7,54,7,56,57,58,59,7,54,60,7,54,7,56,57,58,60,7,56,60,53,57,61,7,54,61,60,62,7,54,62,7,56,63,26,27,7,56,53,57,61,7,54,61,60,62,7,54,62,7,56,53,57,61,60,64,7,54,64
1,84,36,115,81,23,81,813,81,1007,351,65,84,36,955,343,1008,84,36,167,65,115,23,328,328
1,139,38,23,157,166,157,470,1012,281,1012,153,1013,1012,895,166,157,281,888,157,1014,166,470,112,1015,157,396,1015,157,1016,470,157,281,166,396,7,1017,113,895,888,895,140,35,483,482,23,19,35,166,35,84,36,315,36,68,152,356,132,35,36,631,162,164,895,166
1,139,140,141,142,143,144,143,19,35,41,68,152,145,153,152,154,155,145,35,145,36,38,35,145,36,36
1,183,184,18,75,185,186,187,12,123,36,15,17,188,189,190,191,16,190,192,123,26,79,27,26,79,27,18,186,16,20,21,22,122,24,16,25,132,16,34,188,16,37,7,193,194,195,26,27,7,193,194,195,28,16,7,193,194,195,29,7,193,194,195,31,30,7,193,194,195,31,32,9,196,79,26,196,79,27,37,26,190,39,188,27,38,26,190,39,188,27,79,14,26,190,39,188,27,79,26,190
1,84,36,342,343,60,33,95,88,75,93,95,100,97,107,51,84,36,851,13,35,12,35,36,189,35,36,191,16,192,18,16,19,20,21,22,23,24,9,16,9,25,26,28,16,29,30,31,30,32,31,32,9,27,33,16,34,26,39,27,19,35,26,193,27,82,26,193,27,33,852,853,86,16,26,193,27,161,16,182,16,91,16,26,193,27,18,830,35,36
1,81,82,83,35,84,36,120,121,122,121,123,124,125,124,126,127,126,128,129,75,130,131,75,132,133,134,121,127,126,121,96,97,97
1,183,184,18,75,185,186,544,35,139,140,141,142,38,143,160,123,36,630,631,162,164,163,293,16,470,65,470,115,65,145,470,65,145,470,115,65,186,122,201,293,16,473,123,36,630,123,36,632,451,293,34,51,328,293,34,52
1,94,23,146,198,378,19,146,269,602,11,660,124,275,661,128,662,378,435,663,102,582,664,2,665,101,666,109,655,667,668,269,250,419,250,669,670,94,275,665,94,671,672,582,664,94,673,674,202,94,671,672,582,664,94,275,665,94,671,672,582,664,94,673,674,202,94,671,672,582,664,673,202,675,138,535,146,250,676,618,677,102,678,7,184,679,680,668,250,681,682,275,665,682,378,683,23,180,684,150,582
1,701,470,118,103,702,351,36,703
1,139,140,141,142,143,144,143,19,35,157,156,145,153,315,316,68,156,317,152,196,318,158,319,317,320,318,321,322,323,317,324,318,325,326,322,320,323
1,123,543,349,115,349,115,349,122,132,631,163,162,164,160,123,9,36,102,185,53,133,62
1,84,36,115,139,38,144,140,482
1,84,36,115,183,184,18,75,185,186,12,123,36,15,17,189,191,16,192,123,26,79,27,26,79,27,18,186,16,20,21,22,122,24,16
1,183,184,18,75,185,186,293,16,13,293,34,12,35,36,15,17,193,35,36,188,193,35,36,190,35,36,193,35,36,188,189,193,35,36,190,191,16,193,194,35,36,190,192,35,36,79,26,79,27,18,19,16,20,21,22,122,24,16,25,132,16,34,35,36,37,193,194,188,16,193,194,188,7,193,194,195,26,27,7,193,194,195,28,16,7,193,194,195,29,7,193,194,195,30,31,30,7,193,194,195
1,183,184,18,75,185,19,12,123,36,15,17,193,123,36,188,189,193,123,36,190,191,16,193,194,123,36,190,192,123,36,26,79,27,26,79,27,18,19,16,20,21,22,23,24,9,16,9,25,7,193,194,195,26,27,7,193,194,195,28,16,7,193,194,195,29,7,193,194,195,30,31,30,7,193,194,195,32,31,32,9,7,193,194,195,31,32,9,196,79,26,196,79,27,33,7,193,194,195,16,34
1,1,2,3,4,5,6,7,8,9,7,10
1,35,347,23,19,18,35,348,23,35,36,14,35,36,28,29,13,349,26,14,27,35,14,26,311,27,26,65,311,65,27,33,26,27,26,14,27,22,19,20,21,26,14,27,26,27,26,27,349,23,33,342,86,350,337,90,86,351,352,26,27,13,26,27,35,36,350,337,26,27,28,26,27,29,350,337,26,27,350,337,26,27,350,353,26,27,350,337,26,27,337,26,27,350,337,26,27,26,27,26,27
1,11,12,16,14,15,26,16,65,27,17,18,16,19,20,21,22,23,24,9,16,9,25,26,27,26,14,27,26,28,29,30,31,30,32,31,32,9,27,33,26,27,34,19,35,26,27,80,91,103,95,51,161,162,163,164,33,88,93,95,107,51,88,103,94,313,88,103,161,162,163,164,88,93,95,107,51,88,103,313,103,314,49,51,94,103,179,26,52
1,183,184,18,75,185,186,187,12,123,36,15,17,188,189,190,191,16,190,192,123,26,79,27,26,79,27,18,186,16,20,21,22,23,24,9,16,9,25,7,193,194,195,26,27,7,193,194,195,28,16,7,193,194,195,29,7,193,194,195,31,30,7,193,194,195,31,32,9,196,79,26,196,79,27,33,7,193,194,195,16,34,188,16,188,37,16,38,26,190,39,188,27,7,193,194,195,35,280,16,282
1,183,184,18,75,185,186,187,12,123,36,15,17,188,189,190,191,16,190,192,123,26,79,27,26,79,27,18,186,16,20,21,22,23,24,9,16,9,25,7,193,194,195,26,27,7,193,194,195,28,16,7,193,194,195,29,7,193,194,195,31,30,7,193,194,195,31,32,9,196,79,26,196,79,27,33,7,193,194,195,16,34,188,37,16,188,38,26,190,39,188,27,7,193,194,195,293,16,294,7,193
1,139,140,141,142,143,144,143,19,35,323,41,68,962,152,156,90,31,317,196,318,895,156,90,31,317,323,470,196,318,895,704,325,9,156,9,325,963,488,895,33,287,398,292
1,701,470,118,103,702,351,36,703
1,84,132,509,510,511,134,96,512,171
1,183,184,18,75,185,186,187,12,123,36,15,17,188,189,190,191,16,190,192,123,26,79,27,26,79,27,18,186,16,20,21,22,23,24,9,16,9,25,7,193,194,195,26,27,7,193,194,195,28,16,7,193,194,195,29,7,193,194,195,31,30,7,193,194,195,31,32,9,196,79,26,196,79,27,33,7,193,194,195,16,34,188,37,16,188,38,26,190,39,188,27,7,193,194,195,84,36,7,52
1,82,11,35,36,117,118,119,90,35,117,118,119,36,81,83,120,121,122,121,123,124,125,124,126,127,126,128,129,7,75,130,131,75,132,133,134,121,127,126,121,96,97,101,100,97,75,100,35,36,102,118,127,121,135,121,124,126,127,121,136,121,124,126,127,121,124,126,124,129,7,121,137,121,127,126,128,124,126,133,134,100,97,75,110,118,107,108,51,121,127,126,128,124,126,133,134,100,97,107,108
1,139,140,141,142,143,144,143,19,35,14,41,31,156,31,68,156,317,196,318,158,156,317,327,178
1,84,132,509,510,511,134,96,512,171
1,183,184,18,75,185,186,187,12,123,36,15,17,188,189,190,191,16,190,192,123,26,79,27,26,79,27,18,186,16,20,21,22,23,24,9,16,9,25,7,193,194,195,26,27,7,193,194,195,28,16,7,193,194,195,29,7,193,194,195,31,30,7,193,194,195,31,32,9,196,79,26,196,79,27,33,7,193,194,195,16,34,188,37,16,188,38,26,190,39,188,27,7,193,194,195,84,36,7,52
1,23,19,35,284,288,45,99,101,33,88,93,90,95,100,97,107,97,97
1,498,350,598,805,146,603,245,806,807,36,419,620,701,7,808,44,809,808,44,809
1,82,11,35,36,117,118,119,90,35,117,118,119,36,81,83,120,121,122,121,123,124,125,124,126,127,126,128,129,7,75,130,131,75,132,133,134,121,127,126,121,96,97,101,100,97,75,100,35,36,102,118,127,121,135,121,124,126,127,121,136,121,124,126,127,121,124,126,124,129,7,121,137,121,127,126,128,124,126,133,134,100,97,75,110,118,107,108,51,121,127,126,128,124,126,133,134,100,97,107,108
1,139,140,141,142,143,144,143,19,35,84,36,7,52
1,183,184,18,75,185,186,544,35,139,140,141,142,38,143,160,123,36,630,631,162,164,163,293,16,470,65,470,115,65,145,470,65,145,470,115,65,186,122,201,293,16,473,123,36,630,123,36,632,451,293,34,51,328,293,34,52
1,183,184,18,75,185,186,187,12,123,36,15,17,188,189,190,191,16,190,192,123,26,79,27,26,79,27,18,186,16,20,21,22,122,24,16,25,132,16,34,188,16,37,7,193,194,195,26,27,7,193,194,195,28,16,7,193,194,195,29,7,193,194,195,31,30,7,193,194,195,31,32,9,196,79,26,196,79,27,37,26,190,39,188,27,38,26,190,39,188,27,79,14,26,190,39,188,27,79,26,190
1,183,184,18,75,185,19,35,139,140,141,142,38,143,617,11,123,36,187,145,161,163,161,162,164,470,332,354,72,161,163,161,162,164,470,332,161,81,13,161,163,311,161,163,161,162,164,470,332,618,202,161,163,161,162,164,470,332,619,161,163,311,161,163,161,162,164,470,332,618,202,88,619,89,495,78,92,89,311,89,95,202,51,78,478,106,620,110,621,106,80,89,84,36,622,489,434,478,106,620,110
1,94,23,146,198,378,19,146,269,602,11,660,124,275,661,128,662,378,435,663,102,582,664,2,665,101,666,109,655,667,668,269,250,419,250,669,670,94,275,665,94,671,672,582,664,94,673,674,202,94,671,672,582,664,94,275,665,94,671,672,582,664,94,673,674,202,94,671,672,582,664,673,202,675,138,535,146,250,676,618,677,102,678,7,184,679,680,668,250,681,682,275,665,682,378,683,23,180,684,150,582
1,701,470,118,103,702,351,36,703
1,13,35,12,16,19,20,21,22,23,24,9,16,9,25,28,29,30,31,30,32,31,32,9,33,16,34,175,433
1,183,18,184,185,186,293,188,123,36,646,191,16,192,26,27,18,16,26,646,27,26,16,186,20,21,27,122,24,16,25,132,16,34,188,16,188,183,16,37,7,194,195,26,27,7,194,195,28,16,7,194,195,29,7,194,195,31,30,7,194,195,31,645,9,26,27,38,26,190,39,188,27,646,26,190,39,188,27,189,26,190,39,188,27,14,26,190,39,188,27,26,79,27,183,123,183,132,16,183,16
1,82,11,35,36,80,103,84,35,80,103,84,36,81,83,85,86,23,86,35,87,88,87,89,90,89,91,92,7,75,93,94,75,33,78,95,86,90,89,86,96,97,75,43,44,97,98,48,98,97,98,48,98
1,139,140,141,142,143,144,143,19,35,84,36,7,52
1,53,7,54,7,54,55,7,54,7,56,57,58,54,7,54,7,56,57,58,59,7,54,60,7,54,7,56,57,58,60,7,56,60,53,57,61,7,54,61,60,62,7,54,62,7,56,63,26,27,7,56,53,57,61,7,54,61,60,62,7,54,62,7,56,53,57,61,60,64,7,54,64
1,11,12,16,14,15,26,16,65,27,17,18,16,19,20,21,22,23,24,9,16,9,25,26,27,26,14,27,26,28,29,30,31,30,32,31,32,9,27,33,26,27,34,26,27,16,19,35,66,67,68,69,70,71,72,71,70,73,69,74,65,75,44,76,77,78,79,80,79,80
1,123,543,349,115,349,115,349,122,132,631,163,162,164,160,123,9,36,102,185,53,133,62
1,818,819,818,123,115,293,16,293,34,293,16
1,94,23,146,198,378,19,146,269,602,11,660,124,275,661,128,662,378,435,663,102,582,664,2,665,101,666,109,655,667,668,269,250,419,250,669,670,94,275,665,94,671,672,582,664,94,673,674,202,94,671,672,582,664,94,275,665,94,671,672,582,664,94,673,674,202,94,671,672,582,664,673,202,675,138,535,146,250,676,618,677,102,678,7,184,679,680,668,250,681,682,275,665,682,378,683,23,180,684,150,582
1,139,140,141,142,143,144,143,19,35,157,156,145,153,315,316,68,156,317,152,196,318,158,319,317,320,318,321,322,323,317,324,318,325,326,322,320,323
1,183,184,18,75,185,19,12,123,36,15,17,193,123,36,188,189,193,123,36,190,191,16,193,194,123,36,190,192,123,36,26,79,27,26,79,27,18,19,16,20,21,22,23,24,9,16,9,25,7,193,194,195,26,27,7,193,194,195,28,16,7,193,194,195,29,7,193,194,195,30,31,30,7,193,194,195,32,31,32,9,7,193,194,195,31,32,9,196,79,26,196,79,27,33,7,193,194,195,16,34
1,11,12,16,65,19,20,21,22,23,24,9,16,9,25,28,29,30,31,30,32,31,32,9,33,34,35,36,37,19,35,857,75,70,113,69,44,65,133,1,66,349,44,495,18,690,471
1,183,18,184,185,37,119,7,189,119,7,15,17,119,7,189,293,119,7,15,7,193,16,17,26,27,195,26,16,189,27,186,20,21,27,23,122,7,193,195,26,27,28,16,29,31,30,31,119,7,32,9,31,32,9,26,27,26,16,27,132,16,634,7,193,195,24,16,25,16,34,189,123,36,792,26,27,16,189,37,38,189,26,27,16,34,16,34,16,34,16,34,16,34,16,34,16,34,132,186,16
1,84,36,115,183,184,18,75,185,19,12,123,36,15,17,193,123,36,188,189,193,123,36,190,191,16,193,194,123,36,190,192,123,36,26,79,27,26,79,27,18,19,16,20,21,22,23,24,9,16,9,25,7,193,194,195,26,27,7,193,194,195,28,16,7,193,194,195,29,7,193,194,195,30,31,30,7,193,194,195,32,31,32,9,7,193,194,195,31,32,9,196,79,26,196,79,27,33,7,193,194
1,183,184,18,75,185,186,187,12,123,36,15,17,188,189,190,191,16,190,192,123,26,79,27,26,79,27,18,186,16,20,21,22,122,24,16,25,132,16,34,188,16,188,37,16,7,193,194,195,26,27,7,193,194,195,28,16,7,193,194,195,29,7,193,194,195,31,30,7,193,194,195,31,32,9,196,79,26,196,79,27,38,26,190,39,188,27,293,26,190,39,188,27,189,26,190,39,188,27,16,26
1,84,36,115,183,18,184,185,186,293,188,123,36,646,191,16,192,26,27,18,16,26,646,27,26,16,186,20,21,27,23,24,9,16,9,25,7,194,195,26,27,7,194,195,28,16,7,194,195,29,7,194,195,31,30,7,194,195,31,645,9,26,27,33,7,194,195,16,34,188,26,190,39,188,27,7,194,195,82,175,233,954,824,51,7,955,400,60,955,400,60,84,36,956,489,75,7,194,195,225,436
1,183,184,18,75,185,186,544,35,139,140,141,142,38,143,160,123,36,630,631,162,164,163,293,16,470,65,470,115,65,145,470,65,145,470,115,65,186,122,201,293,16,473,123,36,630,123,36,632,451,293,34,51,328,293,34,52
1,139,140,141,142,143,144,143,19,35,732
1,139,140,141,142,143,144,143,19,35,84,36,342,84,36,33,434,907,75,908,103,398,339,69,33,69,909,69,300,69,91,69,910,433,69,175,433,69,425,77,69,911,69,52
1,1020,12,16,101,35,282,280,356,282,283,14,26,967,968,969,249,149,969,378,969,979,109,27,346,275,14,26,967,968,975,969,149,969,104,665,969,104,969,435,378,979,976,27,346,971,543,971,101,971,284,967,968,977,969,974,969,972,969,98,665,969,90,1021,969,979,973,109,973,14,26,275,967,968,104,435,29,969,378,975,969,104,149,969,378,969,978,975,969,978,969,7,979,27,346,976,101,14,26,971,967
1,183,184,18,75,185,186,187,12,123,36,15,17,188,189,190,191,16,190,192,123,26,79,27,26,79,27,18,186,16,20,21,22,23,24,9,16,9,25,7,193,194,195,26,27,7,193,194,195,28,16,7,193,194,195,29,7,193,194,195,31,30,7,193,194,195,31,32,9,196,79,26,196,79,27,33,7,193,194,195,16,34,188,37,16,188,38,26,190,39,188,27,7,193,194,195,84,36,7,52
1,81,82,83,35,84,36,120,121,122,121,123,124,125,124,126,127,126,128,129,75,130,131,75,132,133,134,121,127,126,121,96,97,101,100,97,75,100,35,36,102,118,121,135,121,124,126,127,121,136,121,124,126,127,121,124,126,124,129,7,121,137,121,127,126,128,124,126,133,134,100,97,75,110,118,107,108,51,121,127,126,128,124,126,133,134,100,97,107,108,51,121,127,126,128,124,126,133,134,100,97
1,84,36,115,183,184,18,75,185,186,187,12,123,36,15,17,188,189,190,191,16,190,192,123,26,79,27,26,79,27,18,186,16,20,21,22,122,24,16
1,490,491,492,7,493,494,495,297,356,367,495,494,495,297,356,367,149,6,496,7,497,344,18,498,499,500,2,19,501,425,502,86,503,356,283,472,504,87,95,503,505,356,506,8,115,77,507,508,419,36,84,36,293,33,95,96,16,97,51,16,34,16
1,53,7,54,7,54,55,7,54,7,56,57,58,54,7,54,7,56,57,58,59,7,54,60,7,54,7,56,57,58,60,7,56,60,53,57,61,7,54,61,60,62,7,54,62,7,56,63,26,27,7,56,53,57,61,7,54,61,60,62,7,54,62,7,56,53,57,61,60,64,7,54,64
1,183,184,18,75,185,19,293,16,13,293,34,12,35,36,15,17,193,35,36,188,193,35,36,190,35,36,193,35,36,188,189,193,35,36,190,191,16,193,194,35,36,190,192,35,36,79,26,79,27,18,19,16,20,21,22,23,24,9,16,9,25,7,193,194,195,26,27,7,193,194,195,28,16,7,193,194,195,29,7,193,194,195,30,31,30,7,193,194,195,32,31,32,9,7,193,194,195,31,32,9
1,11,12,13,16,19,20,21,22,23,24,9,16,9,25,28,29,30,31,30,32,31,32,9,33,16,34,35,36,37,16,19,35,43,244,246,98,46,47,48,98,88,33,88,478,106,7,106,478,479,92,95,21,100,16,97,100,97,100,76,97,76,246,98,46,47,48,98,95,21,16,107,34,51,76,246,98,95,21,97,16,97,107,34,51,95,21,97,51,95,21,97,100,95,21,100,97,107,51,97,100
1,81,82,83,35,84,36,120,121,122,121,123,124,125,124,126,127,126,128,129,75,130,131,75,132,133,134,121,127,126,121,96,97,100,97,101,100,97,75,100,35,36,102,118,127,121,135,121,124,121,136,127,804,121,126,127,121,480,101,121,127,121,124,126,127,121,124,126,75,130,121,127,804,121,124,126,127,63,113,131,121,127,121,124,126,127,804,124,129,7,127,804,124,129,127,804,121,127,804,51,121
1,81,82,83,35,84,36,120,121,122,121,123,124,125,124,126,127,126,128,129,75,130,131,75,132,133,134,121,127,126,121,96,97,101,100,97,75,100,35,36,102,118,121,135,121,124,126,127,121,136,121,124,126,127,121,124,126,124,129,7,121,137,121,127,126,128,124,126,133,134,100,97,75,110,118,107,108,51,121,127,126,128,124,126,133,134,100,97,75,110,118,107,75,97,75,110,118,107,108,51,121
1,183,18,184,185,37,119,7,189,119,7,15,17,119,7,189,293,119,7,15,7,193,16,17,26,27,195,26,16,189,27,186,20,21,27,23,122,7,193,195,26,27,28,16,29,31,30,31,119,7,32,9,31,32,9,26,27,26,16,27,33,16,634,7,193,195,24,9,16,9,25,16,34,16,189,37,38,132,186,311,132,134,100,97,311,100,97,605,635,636,311,636,637,638,639,202,640,84,36,641,69
1,183,184,18,75,185,186,187,12,123,36,15,17,188,189,190,191,16,190,192,123,26,79,27,26,79,27,18,186,16,20,21,22,122,24,16,25,132,16,34,188,16,188,37,7,193,194,195,26,27,7,193,194,195,28,16,7,193,194,195,29,7,193,194,195,31,30,7,193,194,195,31,32,9,196,79,26,196,79,27,26,190,39,188,27,38,26,190,39,188,27,79,14,26,190,39,188,27,79,26,190
1,183,184,18,75,185,19,12,123,36,15,17,193,123,36,188,189,193,123,36,190,191,16,193,194,123,36,190,192,123,36,26,79,27,26,79,27,18,19,16,20,21,22,23,24,9,16,9,25,7,193,194,195,26,27,7,193,194,195,28,16,7,193,194,195,29,7,193,194,195,30,31,30,7,193,194,195,32,31,32,9,7,193,194,195,31,32,9,196,79,26,196,79,27,33,7,193,194,195,16,34
1,94,23,146,198,378,19,146,269,602,11,660,124,275,661,128,662,378,435,663,102,582,664,2,665,101,666,109,655,667,668,269,250,419,250,669,670,94,275,665,94,671,672,582,664,94,673,674,202,94,671,672,582,664,94,275,665,94,671,672,582,664,94,673,674,202,94,671,672,582,664,673,202,675,138,535,146,250,676,618,677,102,678,7,184,679,680,668,250,681,682,275,665,682,378,683,23,180,684,150,582
1,82,11,35,36,117,118,119,90,35,117,118,119,36,81,83,120,121,122,121,123,124,125,124,126,127,126,128,129,7,75,130,131,75,132,133,134,121,127,126,121,96,97,101,75,130,134,100,75,100,97,101,107,100,97,75,97,35,36,102,118,121,135,121,124,126,127,121,136,121,124,126,127,121,124,126,124,129,7,121,137,121,127,126,128,124,126,133,134,100,75,100,97,75
1,490,491,492,7,493,494,495,297,356,367,495,494,495,297,356,367,149,6,496,7,497,344,18,498,499,500,2,19,501,425,502,86,503,356,283,472,504,87,95,503,505,356,506,8,115,77,507,508,419,36,84,36,293,33,95,96,16,97,51,16,34,16
1,84,132,509,510,511,134,96,512,171
1,13,35,12,35,36,189,35,36,191,16,192,18,16,19,20,21,22,23,24,9,16,9,25,26,28,16,29,30,31,30,32,31,32,9,27,33,16,34,35,36,37,16,38,26,39,27,183,184,18,75,185,79,14,26,39,27,79,26,39,27,13,14,26,39,27,16,26,27,26,27,16,26,16,34,27,26,16,34,7,194,195,27,79,7,194,195,16,196,79,7,194,195,196,26,16,34,7,194,195,34
1,179,69,180,76,35,161,162,163,164,181,13,181,181
1,183,184,18,75,185,186,187,12,123,36,15,17,188,189,190,191,16,190,192,123,26,79,27,26,79,27,18,186,16,20,21,22,23,24,9,16,9,25,7,193,194,195,26,27,7,193,194,195,28,16,7,193,194,195,29,7,193,194,195,31,30,7,193,194,195,31,32,9,196,79,26,196,79,27,33,7,193,194,195,16,34,188,37,16,188,38,26,190,39,188,27,7,193,194,195,84,36,7,52
1,94,23,146,198,378,19,146,269,602,11,660,124,275,661,128,662,378,435,663,102,582,664,2,665,101,666,109,655,667,668,269,250,419,250,669,670,94,275,665,94,671,672,582,664,94,673,674,202,94,671,672,582,664,94,275,665,94,671,672,582,664,94,673,674,202,94,671,672,582,664,673,202,675,138,535,146,250,676,618,677,102,678,7,184,679,680,668,250,681,682,275,665,682,378,683,23,180,684,150,582
1,94,23,146,198,378,19,146,269,602,11,660,124,275,661,128,662,378,435,663,102,582,664,2,665,101,666,109,655,667,668,269,250,419,250,669,670,94,275,665,94,671,672,582,664,94,673,674,202,94,671,672,582,664,94,275,665,94,671,672,582,664,94,673,674,202,94,671,672,582,664,673,202,675,138,535,146,250,676,618,677,102,678,7,184,679,680,668,250,681,682,275,665,682,378,683,23,180,684,150,582
1,35,23,35,36,687,36,688,36,689,14,311,65,352,498,352,337,498,337,13,81,35,36,82,84,82,231,543,349,115,349,115,349,23,33,95,161,163,162,164,160,96,100,97,100,96,65,97,328,100,35,36,102,435,300,627,89,78,344,89,627,89,78,7,195,92,627,89,100,95,65,97,100,96,65,97,97
1,183,184,18,75,185,186,187,12,123,36,15,17,188,189,190,191,16,190,192,123,26,79,27,26,79,27,18,186,16,20,21,22,122,24,16,25,132,16,34,188,16,37,7,193,194,195,26,27,7,193,194,195,28,16,7,193,194,195,29,7,193,194,195,31,30,7,193,194,195,31,32,9,196,79,26,196,79,27,37,26,190,39,188,27,38,26,190,39,188,27,79,14,26,190,39,188,27,79,26,190
1,53,7,54,7,54,55,7,54,7,56,57,58,54,7,54,7,56,57,58,59,7,54,60,7,54,7,56,57,58,60,7,56,60,53,57,61,7,54,61,60,62,7,54,62,7,56,63,26,27,7,56,53,57,61,7,54,61,60,62,7,54,62,7,56,53,57,61,60,64,7,54,132,7,54,7,56,123,36,834,7,54,53,57,61,60,64,7,54,134,64,7,53,134,96,512,171,7,54,543,31
1,183,184,18,75,185,19,35,139,140,141,142,38,143,617,11,123,633,187,145,161,163,161,162,164,470,332,354,72,161,163,161,162,164,470,332,161,81,13,161,163,311,161,163,161,162,164,470,332,618,202,161,163,161,162,164,470,332,619,161,163,311,161,163,161,162,164,470,332,618,202,88,619,89,495,78,92,89,311,89,202,51,78,478,106,620,110,621,106,80,89,84,633,622,489,434,478,106,620,110,621
1,139,140,141,142,143,144,143,19,35,157,311,161,163,162,164,311,145,1048,168,342,145,1048,168,156,1049,1050,1049,158,145,1048,168,60,342,145,1048,168,156,1049,1050,1049,158,145,1048,157,168,60,342,145,1048,168,156,1049,1050,1049,158,145,1048,202,60,161,163,162,164,311,470,202,435,69
1,82,11,35,36,117,118,119,90,35,117,118,119,36,81,83,120,121,122,121,123,124,125,124,126,127,126,128,129,7,75,130,131,75,132,133,134,121,127,126,121,96,97,101,100,97,75,100,35,36,102,118,127,121,135,121,124,126,127,121,136,121,126,127,121,480,101,121,127,121,124,126,127,121,124,126,75,130,121,127,121,124,126,127,63,113,131,121,127,121,124,126,124,129,7,124,35,36,629,129,121
1,84,132,509,510,511,134,96,512,171
1,11,12,13,14,15,16,17,18,16,19,20,21,22,23,24,9,16,9,25,16,26,14,27,26,28,29,30,31,30,32,31,32,9,27,33,16,34,35,36,37,16,38,26,39,27,40,26,39,27,19,35,41,42,43,44,45,46,47,48,45,46,45,26,49,34,50,51,26,16,26,14,27,26,27,38,52
1,490,491,492,7,493,494,495,297,356,367,495,494,495,297,356,367,149,6,496,7,497,344,18,498,499,500,2,19,501,425,502,86,503,356,283,472,504,87,95,503,505,356,506,8,115,77,507,508,419,36,84,36,293,33,95,96,16,97,51,16,34,16
1,183,184,18,75,185,186,187,12,123,36,15,17,188,189,190,191,16,190,192,123,26,79,27,26,79,27,18,186,16,20,21,22,23,24,9,16,9,25,7,193,194,195,26,27,7,193,194,195,28,16,7,193,194,195,29,7,193,194,195,31,30,7,193,194,195,31,32,9,196,79,26,196,79,27,33,7,193,194,195,16,34,188,37,16,188,38,26,190,39,188,27,7,193,194,195,293,16,294,7,193
1,1,2,3,4,5,6,7,8,9,7,10
1,139,38,144,140,482,483,23,19,35,145,33,484,485,35,36,175,176,486,195,486,162,164,486,195,145,478,486,195,486,162,164,486,195,486,162,164,487,342,486,162,164,488,486,162,164,7,289
1,84,132,509,510,511,134,96,512,171
1,183,184,18,75,185,19,12,123,36,15,17,193,123,36,188,189,193,123,36,190,191,16,193,194,123,36,190,192,123,36,26,79,27,26,79,27,18,19,16,20,21,22,23,24,9,16,9,25,7,193,194,195,26,27,7,193,194,195,28,16,7,193,194,195,29,7,193,194,195,30,31,30,7,193,194,195,32,31,32,9,7,193,194,195,31,32,9,196,79,26,196,79,27,33,7,193,194,195,16,34
1,11,12,13,16,19,20,21,22,23,24,9,16,9,25,28,29,30,31,30,32,31,32,9,33,16,34,16,38,19,35,149,435,442,198,31,198,442,9,75,33,443,313,16,84,36,437,149,435,75,444,445,446,447,448,449,290,69
1,139,140,141,142,143,144,143,19,35,732
1,701,470,118,103,702,351,36,703
1,183,184,18,75,185,19,35,139,140,141,142,38,143,617,11,123,36,187,145,161,163,161,162,164,470,332,354,72,161,163,161,162,164,470,332,161,81,13,161,163,311,161,163,161,162,164,470,332,618,202,161,163,161,162,164,470,332,619,161,163,311,161,163,161,162,164,470,332,618,202,88,619,89,495,78,92,89,311,89,95,202,51,78,478,106,620,110,621,106,80,89,84,36,622,489,434,478,106,620,110
1,28,312,495,94,101,535,683,84,65
1,82,11,35,36,80,103,84,35,80,103,84,36,81,83,85,86,23,86,35,87,88,87,89,90,89,91,92,7,75,93,94,75,33,78,95,86,90,89,86,96,97,75,43,44,97,98,48,98,97,98,48,98
1,183,18,184,185,37,119,7,189,119,7,15,17,119,7,189,293,119,7,15,7,193,26,16,27,17,26,27,195,26,16,27,189,26,27,186,20,21,27,23,122,7,193,195,26,27,28,26,16,27,29,31,26,16,27,31,30,26,691,34,27,31,26,16,27,31,119,7,32,26,16,27,32,9,26,691,34,27,31,26,16,27,31,32,26,16,27,32,9,26,691,34,27,26,16,27,26,27,33,26,16
1,183,184,18,75,185,19,12,123,36,15,17,193,123,36,188,189,193,123,36,190,191,16,193,194,123,36,190,192,123,36,26,79,27,26,79,27,18,19,16,20,21,22,23,24,9,16,9,25,7,193,194,195,26,27,7,193,194,195,28,16,7,193,194,195,29,7,193,194,195,30,31,30,7,193,194,195,32,31,32,9,7,193,194,195,31,32,9,196,79,26,196,79,27,33,7,193,194,195,16,34
1,53,7,54,7,54,55,7,54,7,56,57,58,54,7,54,7,56,57,58,59,7,54,60,7,54,7,56,57,58,60,7,56,60,53,57,61,7,54,61,60,62,7,54,62,7,56,63,26,27,7,56,53,57,61,7,54,61,60,62,7,54,62,7,56,53,57,61,60,64,7,54,64
1,81,82,83,35,84,36,85,86,23,86,35,87,88,87,89,90,89,91,92,75,93,94,75,33,78,95,86,90,89,86,96,97,75,43,44,97,98,48,98,99,100,97,101,100,97,75,97,101,75,100,35,36,102,103,90,86,104,86,87,89,90,86,105,86,87,89,90,86,87,89,87,92,7,86,106,86,90,89,91,87,89,78,95,100,97,107,108,51,86,90,86,90,89,91,87,89,78,95,100,97
1,84,36,342,343,60,33,95,88,75,93,95,100,97,107,51,84,36,851,960
1,84,132,509,510,511,134,96,512,171
1,183,184,18,75,185,186,187,12,123,36,15,17,188,189,190,191,16,190,192,123,26,79,27,26,79,27,18,186,16,20,21,22,23,24,9,16,9,25,7,193,194,195,26,27,7,193,194,195,28,16,7,193,194,195,29,7,193,194,195,31,30,7,193,194,195,31,32,9,196,79,26,196,79,27,33,7,193,194,195,16,34,188,37,16,188,38,26,190,39,188,27,7,193,194,195,293,16,294,7,193
1,1,2,3,4,5,6,7,8,9,7,10
1,94,23,146,198,378,19,146,269,602,11,660,124,275,661,128,662,378,435,663,102,582,664,2,665,101,666,109,655,667,668,269,250,419,250,669,670,94,275,665,94,671,672,582,664,94,673,674,202,94,671,672,582,664,94,275,665,94,671,672,582,664,94,673,674,202,94,671,672,582,664,673,202,675,138,535,146,250,676,618,677,102,678,7,184,679,680,668,250,681,682,275,665,682,378,683,23,180,684,150,582
1,183,184,18,75,185,19,293,16,13,293,34,12,35,36,15,17,193,35,36,188,193,35,36,190,35,36,193,35,36,188,189,193,35,36,190,191,16,193,194,35,36,190,192,35,36,79,26,79,27,18,19,16,20,21,22,23,24,9,16,9,25,7,193,194,195,26,27,7,193,194,195,28,16,7,193,194,195,29,7,193,194,195,30,31,30,7,193,194,195,32,31,32,9,7,193,194,195,31,32,9
1,183,184,18,75,185,186,544,35,139,140,141,142,38,143,160,123,36,630,631,162,164,163,293,16,470,65,470,115,65,145,470,65,145,470,115,65,186,122,201,293,16,473,123,36,630,123,36,632,451,293,34,51,328,293,34,52
1,13,35,12,35,36,189,35,36,191,16,192,18,16,19,20,21,22,23,24,9,16,9,25,26,28,16,29,30,31,30,32,31,32,9,27,33,16,34,35,36,37,16,38,26,39,27,183,184,18,75,185,79,14,26,39,27,79,26,39,27,13,14,26,39,27,16,26,39,27,26,16,34,27,26,16,34,7,194,195,27,79,7,194,195,196,26,16,34,7,194,195,34,27,26,39,27,26,16,26,27
1,11,12,16,14,15,26,16,65,27,17,18,16,19,20,21,22,23,24,9,16,9,25,26,27,26,14,27,26,28,29,30,31,30,32,31,32,9,27,33,26,27,34,19,35,26,27,80,91,103,95,51,161,162,163,164,33,88,93,95,107,51,88,103,94,313,88,103,161,162,163,164,88,93,95,107,51,88,103,313,103,314,49,51,94,103,179,26,52
1,84,36,115,11,12,13,16,19,20,21,22,23,24,9,16,9,25,28,29,30,31,30,32,31,32,9,33,16,34,19,35,205
1,11,12,16,14,15,26,16,65,27,17,18,16,19,20,21,22,23,24,9,16,9,25,26,27,26,14,27,26,28,29,30,31,30,32,31,32,9,27,33,26,27,34,19,35,450,35,115,90,132,450,35,36,122,451,452,416,453,454,453,455,70,26,52
1,13,35,12,35,36,189,35,36,191,16,192,18,16,19,20,21,22,23,24,9,16,9,25,26,28,16,29,30,31,30,32,31,32,9,27,33,16,34,35,36,37,16,38,26,39,27,183,184,18,75,185,79,14,26,39,27,79,26,39,27,13,14,26,39,27,16,26,27,26,27,16,26,16,34,27,26,16,34,7,194,195,27,79,7,194,195,16,196,79,7,194,195,196,26,16,34,7,194,195,34
1,183,184,18,75,185,186,293,16,13,293,34,12,35,36,15,17,193,35,36,188,193,35,36,190,35,36,193,35,36,188,189,193,35,36,190,191,16,193,194,35,36,190,192,35,36,79,26,79,27,18,19,16,20,21,22,122,24,16,25,132,16,34,193,194,188,7,193,194,195,26,27,7,193,194,195,28,16,7,193,194,195,29,7,193,194,195,30,31,30,7,193,194,195,32,31,32,9,7,193,194
1,490,491,492,7,493,494,495,297,356,367,495,494,495,297,356,367,149,6,496,7,497,344,18,498,499,500,2,19,501,425,502,86,503,356,283,472,504,87,95,503,505,356,506,8,115,77,507,508,419,36,84,36,293,33,95,96,16,97,51,16,34,16
1,84,132,509,510,511,134,96,512,171
1,35,23,35,36,687,36,688,36,689,81,14,311,65,352,498,352,337,498,337,13,35,36,82,84,82,231,543,349,115,349,115,349,23,33,95,161,163,162,164,160,96,100,97,100,96,65,97,65,328,65,65
1,1026,1027,149,1026,1027,1028,1029,1030,1031,1032,1033,1029,1034,1030,1031,1032,1033,1035,1036,1030,1031,1032,1033,1036,1034,1037,1030,1031,1032,1033,1035,1038,1030,1031,1032,1033,1036,1038,1030,1031,1032,1033,1034,1038,1030,1031,1032,1033,1035,1039,1039
1,94,23,146,198,378,19,146,269,602,11,660,124,275,661,128,662,378,435,663,102,582,664,2,665,101,666,109,655,667,668,269,250,419,250,669,670,94,275,665,94,671,672,582,664,94,673,674,202,94,671,672,582,664,94,275,665,94,671,672,582,664,94,673,674,202,94,671,672,582,664,673,202,675,138,535,146,250,676,618,677,102,678,7,184,679,680,668,250,681,682,275,665,682,378,683,23,180,684,150,582
1,701,470,118,103,702,351,36,703
1,84,36,115,35,247,104
1,82,11,35,36,80,103,84,35,80,103,84,36,81,83,85,86,23,86,35,87,88,87,89,90,89,91,92,7,75,93,94,75,33,78,95,86,90,89,86,96,97,75,43,44,97,98,48,98,97,98,48,98
1,81,82,83,35,84,36,120,121,122,121,123,124,125,124,126,127,126,128,129,75,130,131,75,132,133,134,121,127,126,121,96,97,101,100,97,75,100,35,36,102,118,121,135,121,124,126,127,121,136,121,124,126,127,121,124,126,124,129,7,121,137,121,127,126,128,124,126,133,134,100,97,75,110,118,107,108,51,121,127,126,128,124,126,133,134,100,97,75,110,118,107,75,97,75,110,118,107,108,51,121
1,183,184,18,75,185,186,187,12,123,36,15,17,188,189,190,191,16,190,192,123,26,79,27,26,79,27,18,186,16,20,21,22,122,24,16,25,132,16,34,188,16,37,7,193,194,195,26,27,7,193,194,195,28,16,7,193,194,195,29,7,193,194,195,31,30,7,193,194,195,31,32,9,196,79,26,196,79,27,37,26,190,39,188,27,38,26,190,39,188,27,79,14,26,190,39,188,27,79,26,190
1,183,184,18,75,185,186,187,12,123,36,15,17,188,189,190,191,16,190,192,123,26,79,27,26,79,27,18,186,16,20,21,22,122,24,16,25,132,16,34,188,16,37,7,193,194,195,26,27,7,193,194,195,28,16,7,193,194,195,29,7,193,194,195,31,30,7,193,194,195,31,32,9,196,79,26,196,79,27,37,26,190,39,188,27,38,26,190,39,188,27,79,14,26,190,39,188,27,79,26,190
1,81,82,83,35,84,36,85,86,23,86,35,87,88,87,89,90,89,91,92,75,93,94,75,33,78,95,86,90,89,86,96,97,75,43,44,97,98,48,98,99,100,97,101,100,97,75,100,35,36,102,103,90,86,104,86,87,89,90,86,105,86,87,89,90,86,87,89,87,92,7,86,106,86,90,89,91,87,89,78,95,100,97,75,110,103,107,108,51,86,90,89,91,87,89,78,95,100,97,107,108
1,11,12,16,14,15,26,16,65,27,17,18,16,19,20,21,22,23,24,9,16,9,25,26,27,26,14,27,26,28,29,30,31,30,32,31,32,9,27,33,26,27,34,19,35,26,27,80,91,103,95,51,161,162,163,164,33,88,93,95,107,51,88,103,94,313,88,103,161,162,163,164,88,93,95,107,51,88,103,313,103,314,49,51,94,103,179,26,52
1,81,82,83,35,84,36,120,121,122,121,123,124,125,124,126,127,126,128,129,75,130,131,75,132,133,134,121,127,126,121,96,97,101,100,97,75,100,35,36,102,118,127,121,135,121,124,126,127,121,136,121,124,126,127,121,124,126,124,129,7,121,137,121,127,126,128,124,126,133,134,100,97,75,110,118,107,108,51,121,127,126,128,124,126,133,134,100,97,75,110,118,107,75,110,118,108,51,121,127,126
1,183,184,18,75,185,186,544,35,139,140,141,142,38,143,160,123,36,630,631,162,164,163,293,16,470,65,470,115,65,145,470,65,145,470,115,65,186,122,201,293,16,473,123,36,630,123,36,632,451,293,34,51,328,293,34,52
1,35,33,417,349,35,175,299,418,269,419,260,250,420,250,418,269,419,260,250,420,250
1,183,184,18,75,185,19,35,139,140,141,142,38,143,617,11,123,36,187,145,161,163,161,162,164,470,332,354,72,161,163,161,162,164,470,332,161,81,13,161,163,311,161,163,161,162,164,470,332,618,202,161,163,161,162,164,470,332,619,161,163,311,161,163,161,162,164,470,332,618,202,88,619,89,495,78,92,89,311,89,95,202,51,78,478,106,620,110,621,106,80,89,84,36,622,489,434,478,106,620,110
1,13,35,12,35,36,189,35,36,191,16,192,18,16,19,20,21,22,23,24,9,16,9,25,26,28,16,29,30,31,30,32,31,32,9,27,33,16,34,35,36,37,16,38,26,39,27,183,184,18,75,185,79,14,26,39,27,79,26,39,27,16,26,27,26,27,16,26,16,34,27,26,16,34,7,194,195,27,79,7,194,195,16,196,79,7,194,195,196,26,16,34,7,194,195,34,27,26,27,16,27
1,183,184,18,75,185,19,12,123,36,15,17,193,123,36,188,189,193,123,36,190,191,16,193,194,123,36,190,192,123,36,26,79,27,26,79,27,18,19,16,20,21,22,23,24,9,16,9,25,7,193,194,195,26,27,7,193,194,195,28,16,7,193,194,195,29,7,193,194,195,30,31,30,7,193,194,195,32,31,32,9,7,193,194,195,31,32,9,196,79,26,196,79,27,33,7,193,194,195,16,34
1,84,36,342,343,60,33,95,88,75,93,95,100,97,107,51,84,36,851
1,81,82,83,35,84,36,120,121,122,121,123,124,125,124,126,127,126,128,129,75,130,131,75,132,133,134,121,127,126,121,96,97,101,100,97,75,100,35,36,102,118,127,121,135,121,124,126,127,121,136,121,124,126,127,121,124,126,124,129,7,121,137,121,127,126,128,124,126,133,134,100,97,75,110,118,107,108,51,121,127,126,128,124,126,133,134,100,97,75,110,118,107,75,110,118,108,51,121,127,126
1,139,140,141,142,143,144,143,19,35,290,291,292
1,183,184,18,75,185,186,544,35,139,140,141,142,38,143,160,123,36,630,631,162,164,163,293,16,470,65,470,115,65,145,470,65,145,470,115,65,186,122,201,293,16,473,123,36,630,123,36,632,451,293,34,51,328,293,34,52
1,183,184,18,75,185,186,187,12,123,36,15,17,188,189,190,191,16,190,192,123,26,79,27,26,79,27,18,186,16,20,21,22,122,24,16,25,132,16,34,188,16,37,7,193,194,195,26,27,7,193,194,195,28,16,7,193,194,195,29,7,193,194,195,31,30,7,193,194,195,31,32,9,196,79,26,196,79,27,37,26,190,39,188,27,38,26,190,39,188,27,79,14,26,190,39,188,27,79,26,190
1,183,184,18,75,185,19,12,123,36,15,17,193,123,36,188,189,193,123,36,190,191,16,193,194,123,36,190,192,123,36,26,79,27,26,79,27,18,19,16,20,21,22,23,24,9,16,9,25,7,193,194,195,26,27,7,193,194,195,28,16,7,193,194,195,29,7,193,194,195,30,31,30,7,193,194,195,32,31,32,9,7,193,194,195,31,32,9,196,79,26,196,79,27,33,7,193,194,195,16,34