0,186,0,143,0,82,175,433,0,14,0,252,203,122,0,132,0,57,0,655,0,175,433,145,803,145,0,346,122,0,145,293,0,145,0,123,52
0,186,0,35,139,140,141,142,0,38,143,0,14,0,549,0,689,0,82,122,0,311,0,187,0,175,176,0,145,166,451,0,895,202,0,346,0,292
0,0,143,187,0,82,0,166,145,414,61,60,184,14,435,811,123,36,0,166,145,189,463,0,166,189,0,166,145,14,195,0,463,335,51,49,51,335,119,36,315,0,68,0,184,425,1045,7,610,7,145,895,51,155,0,292
0,0,857,123,122,252,57,61,60,425,77,293,186,1,7,689,0,349,115,0,351,36,0,115,0,57,61,16,61,0,16,0,137,34,60,57,61,60,57,127,16,0,115,0,36,0,115,0,559,34,57,61,60,559,51,0,52
0,186,187,12,123,36,15,17,188,189,190,191,16,190,192,123,26,79,27,26,79,27,18,186,16,20,22,23,24,9,16,9,25,7,193,194,195,26,27,7,193,194,195,28,16,7,193,194,195,29,7,193,194,195,31,30,7,193,194,195,31,32,9,196,79,26,196,79,27,33,7,193,194,195,16,34,188,16,37,26,190,39,188,27,38,26,190,39,188,27,79,14,26,190,39,188,27,79,26,190,39
0,35,139,140,141,142,143,952,144,143,617,19,35,292
0,19,0,35,139,140,141,142,0,38,143,617,145,122,187,201,202,0,145,57,61,0,60,468,735,245,0,297,296,356,822,553,145,57,61,0,60,245,145,201,202,36,0,489,292
0,293,188,123,36,646,191,16,192,26,27,18,16,26,646,27,26,16,186,20,21,646,27,122,24,16,25,132,16,34,188,16,188,7,194,195,26,27,7,194,195,28,16,7,194,195,29,7,194,195,31,30,7,194,195,31,645,9,26,27,37,38,26,36,0
0,186,187,12,123,36,15,17,188,189,190,191,16,190,192,123,26,79,27,26,79,27,18,186,16,20,22,23,24,9,16,9,25,7,193,194,195,26,27,7,193,194,195,28,16,7,193,194,195,29,7,193,194,195,31,30,7,193,194,195,31,32,9,196,79,26,196,79,27,33,7,193,194,195,16,34,188,16,37,26,190,39,188,27,38,26,190,39,188,27,79,14,26,190,39,188,27,79,26,190,39
0,19,0,35,139,140,141,142,0,38,143,617,145,187,122,201,202,0,315,145,342,0,78,60,772,0,84,145,342,0,78,60,84,36,1053,489,155,292
0,293,188,123,36,646,191,16,192,26,27,18,16,26,646,27,26,16,186,20,21,646,27,23,24,9,16,9,25,7,194,195,26,27,7,194,195,28,16,7,194,195,29,7,194,195,31,30,7,194,195,31,645,9,26,27,33,7,194,195,16,34,188,16,37,16,188,38,26,36,0
0,35,139,140,141,142,143,952,144,143,617,19,35,36,0,180,40,7,907,83,303,42,18,166,160,36,0,219,0,381,217,36,0,158,346,336,51,292
0,293,188,123,36,646,191,16,192,26,27,18,16,26,646,27,26,16,186,20,21,646,27,23,24,9,16,9,25,7,194,195,26,27,7,194,195,28,16,7,194,195,29,7,194,195,31,30,7,194,195,31,645,9,26,27,33,7,194,195,16,34,188,16,37,16,188,38,26,36,0
0,13,35,12,16,19,20,21,22,23,24,9,16,9,25,28,29,30,31,30,32,31,32,9,33,16,34,16,39,19,35,84,683,36,0,489,35,52
0,11,12,13,14,15,16,17,18,16,19,20,21,22,23,24,9,16,9,25,16,26,14,27,26,28,29,30,31,30,32,31,32,9,27,33,16,34,35,36,37,16,38,14,26,39,27,15,14,26,101,310,27,193,311,26,27,311,17,11,14,26,14,27,26,311,27,26,28,27,26,39,27,378,193,26,27,193,311,193,828,17,425,18,26,39,27,0,26,39,27,193,26,14,27,26,27,193,26,27,26
0,139,140,141,142,143,144,143,19,35,732
0,186,0,143,617,187,350,123,42,655,414,122,124,145,297,296,136,506,656,296,822,0,673,57,61,60,252,553,0,202,0,554,555,47,556,554,52
0,186,293,188,123,36,646,191,16,192,26,27,18,16,26,646,27,26,16,186,20,27,23,24,9,16,9,25,7,194,195,26,27,7,194,195,28,16,7,194,195,29,7,194,195,31,30,7,194,195,31,645,9,26,27,33,7,194,195,16,34,188,16,188,37,16,37,38,26,36,0
0,0,35,139,140,141,142,0,38,143,0,292
0,186,187,12,123,36,15,17,188,189,190,191,16,190,192,123,26,79,27,26,79,27,18,186,16,20,22,23,24,9,16,9,25,7,193,194,195,26,27,7,193,194,195,28,16,7,193,194,195,29,7,193,194,195,31,30,7,193,194,195,31,32,9,196,79,26,196,79,27,33,7,193,194,195,16,34,188,16,183,37,26,190,39,188,27,38,26,190,39,188,27,79,14,26,190,39,188,27,79,26,190